species,bark
Angophora bakeri subsp. bakeri,no ribbons in upper branches
Angophora bakeri subsp. crassifolia,no ribbons in upper branches
Angophora costata subsp. costata,no ribbons in upper branches
Angophora costata subsp. euryphylla,no ribbons in upper branches
Angophora costata subsp. leiocarpa,no ribbons in upper branches
Angophora floribunda,no ribbons in upper branches
Angophora hispida,no ribbons in upper branches
Angophora inopina,no ribbons in upper branches
Angophora melanoxylon,no ribbons in upper branches
Angophora robur,no ribbons in upper branches
Angophora subvelutina,no ribbons in upper branches
Angophora woodsiana,no ribbons in upper branches
Corymbia abbreviata,no ribbons in upper branches
Corymbia abergiana,no ribbons in upper branches
Corymbia aparrerinja,no ribbons in upper branches
Corymbia arafurica,no ribbons in upper branches
Corymbia arenaria,no ribbons in upper branches
Corymbia arnhemensis,no ribbons in upper branches
Corymbia aspera,no ribbons in upper branches
Corymbia aureola,no ribbons in upper branches
Corymbia bella,no ribbons in upper branches
Corymbia blakei,no ribbons in upper branches
Corymbia bleeseri,no ribbons in upper branches
Corymbia bloxsomei,no ribbons in upper branches
Corymbia brachycarpa,no ribbons in upper branches
Corymbia bunites,no ribbons in upper branches
Corymbia cadophora subsp. cadophora,no ribbons in upper branches
Corymbia cadophora subsp. pliantha,no ribbons in upper branches
Corymbia calophylla,no ribbons in upper branches
Corymbia candida,no ribbons in upper branches
Corymbia chartacea,no ribbons in upper branches
Corymbia chippendalei,no ribbons in upper branches
Corymbia citriodora,no ribbons in upper branches
Corymbia clandestina,no ribbons in upper branches
Corymbia clarksoniana,no ribbons in upper branches
Corymbia clavigera,no ribbons in upper branches
Corymbia cliftoniana,no ribbons in upper branches
Corymbia collina,no ribbons in upper branches
Corymbia confertiflora,no ribbons in upper branches
Corymbia dallachiana,no ribbons in upper branches
Corymbia dendromerinx,no ribbons in upper branches
Corymbia deserticola subsp. deserticola,no ribbons in upper branches
Corymbia deserticola subsp. mesogeotica,no ribbons in upper branches
Corymbia dichromophloia,no ribbons in upper branches
Corymbia disjuncta,no ribbons in upper branches
Corymbia dunlopiana,no ribbons in upper branches
Corymbia ellipsoidea,no ribbons in upper branches
Corymbia eremaea,no ribbons in upper branches
Corymbia erythrophloia,no ribbons in upper branches
Corymbia eximia,no ribbons in upper branches
Corymbia ferriticola,no ribbons in upper branches
Corymbia ferruginea subsp. ferruginea,no ribbons in upper branches
Corymbia ferruginea subsp. stypophylla,no ribbons in upper branches
Corymbia ficifolia,no ribbons in upper branches
Corymbia flavescens,no ribbons in upper branches
Corymbia foelscheana,no ribbons in upper branches
Corymbia gilbertensis,no ribbons in upper branches
Corymbia grandifolia subsp. grandifolia,no ribbons in upper branches
Corymbia grandifolia subsp. lamprocardia,no ribbons in upper branches
Corymbia grandifolia subsp. longa,no ribbons in upper branches
Corymbia greeniana,no ribbons in upper branches
Corymbia gummifera,no ribbons in upper branches
Corymbia haematoxylon,no ribbons in upper branches
Corymbia hamersleyana,no ribbons in upper branches
Corymbia hendersonii,no ribbons in upper branches
Corymbia henryi,no ribbons in upper branches
Corymbia hylandii,no ribbons in upper branches
Corymbia intermedia,no ribbons in upper branches
Corymbia jacobsiana,no ribbons in upper branches
Corymbia kombolgiensis,no ribbons in upper branches
Corymbia lamprophylla,no ribbons in upper branches
Corymbia latifolia,no ribbons in upper branches
Corymbia leichhardtii,no ribbons in upper branches
Corymbia lenziana,no ribbons in upper branches
Corymbia leptoloma,no ribbons in upper branches
Corymbia ligans,no ribbons in upper branches
Corymbia maculata,no ribbons in upper branches
Corymbia nesophila,no ribbons in upper branches
Corymbia novoguinensis,no ribbons in upper branches
Corymbia oocarpa,no ribbons in upper branches
Corymbia pachycarpa,no ribbons in upper branches
Corymbia papillosa,no ribbons in upper branches
Corymbia papuana,no ribbons in upper branches
Corymbia paractia,no ribbons in upper branches
Corymbia pauciseta,no ribbons in upper branches
Corymbia peltata,no ribbons in upper branches
Corymbia petalophylla,no ribbons in upper branches
Corymbia plena,no ribbons in upper branches
Corymbia pocillum,no ribbons in upper branches
Corymbia polycarpa,no ribbons in upper branches
Corymbia polysciada,no ribbons in upper branches
Corymbia porrecta,no ribbons in upper branches
Corymbia ptychocarpa subsp. aptycha,no ribbons in upper branches
Corymbia ptychocarpa subsp. ptychocarpa,no ribbons in upper branches
Corymbia rhodops,no ribbons in upper branches
Corymbia scabrida,no ribbons in upper branches
Corymbia serendipita,no ribbons in upper branches
Corymbia setosa,no ribbons in upper branches
Corymbia sphaerica,no ribbons in upper branches
Corymbia stockeri subsp. peninsularis,no ribbons in upper branches
Corymbia stockeri subsp. stockeri,no ribbons in upper branches
Corymbia terminalis,no ribbons in upper branches
Corymbia tessellaris,no ribbons in upper branches
Corymbia torelliana,no ribbons in upper branches
Corymbia torta,no ribbons in upper branches
Corymbia trachyphloia,no ribbons in upper branches
Corymbia umbonata,no ribbons in upper branches
Corymbia watsoniana subsp. capillata,no ribbons in upper branches
Corymbia watsoniana subsp. watsoniana,no ribbons in upper branches
Corymbia xanthope,no ribbons in upper branches
Corymbia zygophylla,no ribbons in upper branches
Eucalyptus abdita,no ribbons in upper branches
Eucalyptus absita,no ribbons in upper branches
Eucalyptus acaciiformis,no ribbons in upper branches
Eucalyptus accedens,no ribbons in upper branches
Eucalyptus acies,no ribbons in upper branches
Eucalyptus acmenoides,no ribbons in upper branches
Eucalyptus acroleuca,no ribbons in upper branches
Eucalyptus adesmophloia,no ribbons in upper branches
Eucalyptus aequioperta,no ribbons in upper branches
Eucalyptus agglomerata,no ribbons in upper branches
Eucalyptus aggregata,no ribbons in upper branches
Eucalyptus alba var. australasica,no ribbons in upper branches
Eucalyptus albens,no ribbons in upper branches
Eucalyptus albopurpurea,no ribbons in upper branches
Eucalyptus alipes,no ribbons in upper branches
Eucalyptus alligatrix subsp. alligatrix,no ribbons in upper branches
Eucalyptus alligatrix subsp. limaensis,no ribbons in upper branches
Eucalyptus alligatrix subsp. miscella,no ribbons in upper branches
Eucalyptus ammophila,no ribbons in upper branches
Eucalyptus amplifolia subsp. amplifolia,no ribbons in upper branches
Eucalyptus amplifolia subsp. sessiliflora,no ribbons in upper branches
Eucalyptus amygdalina,no ribbons in upper branches
Eucalyptus ancophila,no ribbons in upper branches
Eucalyptus andrewsii subsp. andrewsii,no ribbons in upper branches
Eucalyptus andrewsii subsp. campanulata,no ribbons in upper branches
Eucalyptus angophoroides,no ribbons in upper branches
Eucalyptus angularis,no ribbons in upper branches
Eucalyptus angulosa,no ribbons in upper branches
Eucalyptus angustissima,no ribbons in upper branches
Eucalyptus annulata,no ribbons in upper branches
Eucalyptus annuliformis,no ribbons in upper branches
Eucalyptus apiculata,no ribbons in upper branches
Eucalyptus apodophylla,no ribbons in upper branches
Eucalyptus apothalassica,no ribbons in upper branches
Eucalyptus approximans subsp. approximans,no ribbons in upper branches
Eucalyptus approximans subsp. codonocarpa,no ribbons in upper branches
Eucalyptus aquilina,no ribbons in upper branches
Eucalyptus arachnaea subsp. arachnaea,no ribbons in upper branches
Eucalyptus arachnaea subsp. arrecta,no ribbons in upper branches
Eucalyptus arborella,no ribbons in upper branches
Eucalyptus archeri,no ribbons in upper branches
Eucalyptus arenacea,no ribbons in upper branches
Eucalyptus arenicola,no ribbons in upper branches
Eucalyptus argillacea,no ribbons in upper branches
Eucalyptus argophloia,no ribbons in upper branches
Eucalyptus argutifolia,no ribbons in upper branches
Eucalyptus aridimontana,no ribbons in upper branches
Eucalyptus armillata,no ribbons in upper branches
Eucalyptus aromaphloia subsp. aromaphloia,no ribbons in upper branches
Eucalyptus aromaphloia subsp. sabulosa,no ribbons in upper branches
Eucalyptus articulata,no ribbons in upper branches
Eucalyptus aspersa,no ribbons in upper branches
Eucalyptus aspratilis,no ribbons in upper branches
Eucalyptus astringens subsp. astringens,no ribbons in upper branches
Eucalyptus astringens subsp. redacta,no ribbons in upper branches
Eucalyptus atrata,no ribbons in upper branches
Eucalyptus baeuerlenii,no ribbons in upper branches
Eucalyptus baileyana,no ribbons in upper branches
Eucalyptus baiophylla,no ribbons in upper branches
Eucalyptus bakeri,no ribbons in upper branches
Eucalyptus balladoniensis subsp. balladoniensis,no ribbons in upper branches
Eucalyptus balladoniensis subsp. sedens,no ribbons in upper branches
Eucalyptus bancroftii,no ribbons in upper branches
Eucalyptus banksii,no ribbons in upper branches
Eucalyptus barberi,no ribbons in upper branches
Eucalyptus baudiniana,no ribbons in upper branches
Eucalyptus baueriana,no ribbons in upper branches
Eucalyptus baxteri,no ribbons in upper branches
Eucalyptus beaniana,no ribbons in upper branches
Eucalyptus beardiana,no ribbons in upper branches
Eucalyptus behriana,no ribbons in upper branches
Eucalyptus bensonii,no ribbons in upper branches
Eucalyptus benthamii,no ribbons in upper branches
Eucalyptus beyeri,no ribbons in upper branches
Eucalyptus bigalerita,no ribbons in upper branches
Eucalyptus blakelyi,no ribbons in upper branches
Eucalyptus blaxellii,no ribbons in upper branches
Eucalyptus blaxlandii,no ribbons in upper branches
Eucalyptus boliviana,no ribbons in upper branches
Eucalyptus bosistoana,no ribbons in upper branches
Eucalyptus botryoides,no ribbons in upper branches
Eucalyptus brachyandra,no ribbons in upper branches
Eucalyptus brachycalyx,no ribbons in upper branches
Eucalyptus brachyphylla,no ribbons in upper branches
Eucalyptus brandiana,no ribbons in upper branches
Eucalyptus brassiana,no ribbons in upper branches
Eucalyptus brevifolia,no ribbons in upper branches
Eucalyptus brevipes,no ribbons in upper branches
Eucalyptus brevistylis,no ribbons in upper branches
Eucalyptus bridgesiana,no ribbons in upper branches
Eucalyptus brockwayi,no ribbons in upper branches
Eucalyptus brookeriana,no ribbons in upper branches
Eucalyptus broviniensis,no ribbons in upper branches
Eucalyptus brownii,no ribbons in upper branches
Eucalyptus buprestium,no ribbons in upper branches
Eucalyptus burdettiana,no ribbons in upper branches
Eucalyptus burgessiana,no ribbons in upper branches
Eucalyptus burracoppinensis,no ribbons in upper branches
Eucalyptus cadens,no ribbons in upper branches
Eucalyptus caesia subsp. caesia,no ribbons in upper branches
Eucalyptus caesia subsp. magna,no ribbons in upper branches
Eucalyptus calcareana,no ribbons in upper branches
Eucalyptus calcicola subsp. calcicola,no ribbons in upper branches
Eucalyptus calcicola subsp. unita,no ribbons in upper branches
Eucalyptus caleyi subsp. caleyi,no ribbons in upper branches
Eucalyptus caleyi subsp. ovendenii,no ribbons in upper branches
Eucalyptus caliginosa,no ribbons in upper branches
Eucalyptus calycogona subsp. calycogona,no ribbons in upper branches
Eucalyptus calycogona subsp. miraculum,no ribbons in upper branches
Eucalyptus calycogona subsp. spaffordii,no ribbons in upper branches
Eucalyptus calycogona subsp. trachybasis,no ribbons in upper branches
Eucalyptus calyerup,no ribbons in upper branches
Eucalyptus camaldulensis subsp. acuta,no ribbons in upper branches
Eucalyptus camaldulensis subsp. arida,no ribbons in upper branches
Eucalyptus camaldulensis subsp. camaldulensis,no ribbons in upper branches
Eucalyptus camaldulensis subsp. minima,no ribbons in upper branches
Eucalyptus camaldulensis subsp. obtusa,no ribbons in upper branches
Eucalyptus camaldulensis subsp. refulgens,no ribbons in upper branches
Eucalyptus camaldulensis subsp. simulata,no ribbons in upper branches
Eucalyptus cambageana,no ribbons in upper branches
Eucalyptus cameronii,no ribbons in upper branches
Eucalyptus camfieldii,no ribbons in upper branches
Eucalyptus campaspe,no ribbons in upper branches
Eucalyptus camphora subsp. camphora,no ribbons in upper branches
Eucalyptus camphora subsp. humeana,no ribbons in upper branches
Eucalyptus canaliculata,no ribbons in upper branches
Eucalyptus canescens subsp. beadellii,no ribbons in upper branches
Eucalyptus canescens subsp. canescens,no ribbons in upper branches
Eucalyptus canobolensis,no ribbons in upper branches
Eucalyptus capillosa subsp. capillosa,no ribbons in upper branches
Eucalyptus capillosa subsp. polyclada,no ribbons in upper branches
Eucalyptus capitellata,no ribbons in upper branches
Eucalyptus captiosa,no ribbons in upper branches
Eucalyptus carnabyi,no ribbons in upper branches
Eucalyptus carnea,no ribbons in upper branches
Eucalyptus carnei,no ribbons in upper branches
Eucalyptus celastroides subsp. celastroides,no ribbons in upper branches
Eucalyptus celastroides subsp. virella,no ribbons in upper branches
Eucalyptus cephalocarpa,no ribbons in upper branches
Eucalyptus ceracea,no ribbons in upper branches
Eucalyptus cerasiformis,no ribbons in upper branches
Eucalyptus ceratocorys,no ribbons in upper branches
Eucalyptus cernua,no ribbons in upper branches
Eucalyptus chapmaniana,no ribbons in upper branches
Eucalyptus chartaboma,no ribbons in upper branches
Eucalyptus chloroclada,no ribbons in upper branches
Eucalyptus chlorophylla,no ribbons in upper branches
Eucalyptus cinerea subsp. cinerea,no ribbons in upper branches
Eucalyptus cinerea subsp. triplex,no ribbons in upper branches
Eucalyptus cladocalyx,no ribbons in upper branches
Eucalyptus clelandii,no ribbons in upper branches
Eucalyptus clivicola,no ribbons in upper branches
Eucalyptus cloeziana,no ribbons in upper branches
Eucalyptus cneorifolia,no ribbons in upper branches
Eucalyptus coccifera,no ribbons in upper branches
Eucalyptus comitae-vallis,no ribbons in upper branches
Eucalyptus concinna,no ribbons in upper branches
Eucalyptus conferruminata subsp. conferruminata,no ribbons in upper branches
Eucalyptus conferruminata subsp. recherche,no ribbons in upper branches
Eucalyptus confluens,no ribbons in upper branches
Eucalyptus conglobata subsp. conglobata,no ribbons in upper branches
Eucalyptus conglobata subsp. perata,no ribbons in upper branches
Eucalyptus conglomerata,no ribbons in upper branches
Eucalyptus conica,no ribbons in upper branches
Eucalyptus consideniana,no ribbons in upper branches
Eucalyptus conspicua subsp. conspicua,no ribbons in upper branches
Eucalyptus conveniens,no ribbons in upper branches
Eucalyptus coolabah,no ribbons in upper branches
Eucalyptus cooperiana,no ribbons in upper branches
Eucalyptus cordata subsp. cordata,no ribbons in upper branches
Eucalyptus cordata subsp. quadrangulosa,no ribbons in upper branches
Eucalyptus cornuta,no ribbons in upper branches
Eucalyptus coronata,no ribbons in upper branches
Eucalyptus corrugata,no ribbons in upper branches
Eucalyptus corticosa,no ribbons in upper branches
Eucalyptus corynodes,no ribbons in upper branches
Eucalyptus cosmophylla,no ribbons in upper branches
Eucalyptus crebra,no ribbons in upper branches
Eucalyptus crenulata,no ribbons in upper branches
Eucalyptus creta,no ribbons in upper branches
Eucalyptus cretata,no ribbons in upper branches
Eucalyptus crispata,no ribbons in upper branches
Eucalyptus croajingolensis,no ribbons in upper branches
Eucalyptus crucis subsp. crucis,no ribbons in upper branches
Eucalyptus crucis subsp. lanceolata,no ribbons in upper branches
Eucalyptus crucis subsp. praecipua,no ribbons in upper branches
Eucalyptus cullenii,no ribbons in upper branches
Eucalyptus cunninghamii,no ribbons in upper branches
Eucalyptus cuprea,no ribbons in upper branches
Eucalyptus cupularis,no ribbons in upper branches
Eucalyptus curtisii,no ribbons in upper branches
Eucalyptus cyanophylla,no ribbons in upper branches
Eucalyptus cyclostoma,no ribbons in upper branches
Eucalyptus cylindriflora,no ribbons in upper branches
Eucalyptus cylindrocarpa,no ribbons in upper branches
Eucalyptus cypellocarpa,no ribbons in upper branches
Eucalyptus dalrympleana subsp. dalrympleana,no ribbons in upper branches
Eucalyptus dalrympleana subsp. heptantha,no ribbons in upper branches
Eucalyptus dawsonii,no ribbons in upper branches
Eucalyptus dealbata,no ribbons in upper branches
Eucalyptus deanei,no ribbons in upper branches
Eucalyptus decipiens,no ribbons in upper branches
Eucalyptus decolor,no ribbons in upper branches
Eucalyptus decorticans,no ribbons in upper branches
Eucalyptus decurva,no ribbons in upper branches
Eucalyptus deflexa,no ribbons in upper branches
Eucalyptus delegatensis subsp. delegatensis,no ribbons in upper branches
Eucalyptus delegatensis subsp. tasmaniensis,no ribbons in upper branches
Eucalyptus delicata,no ribbons in upper branches
Eucalyptus dendromorpha,no ribbons in upper branches
Eucalyptus densa subsp. densa,no ribbons in upper branches
Eucalyptus densa subsp. improcera,no ribbons in upper branches
Eucalyptus denticulata,no ribbons in upper branches
Eucalyptus depauperata,no ribbons in upper branches
Eucalyptus desmondensis,no ribbons in upper branches
Eucalyptus deuaensis,no ribbons in upper branches
Eucalyptus dielsii,no ribbons in upper branches
Eucalyptus diminuta,no ribbons in upper branches
Eucalyptus diptera,no ribbons in upper branches
Eucalyptus discreta,no ribbons in upper branches
Eucalyptus dissimulata,no ribbons in upper branches
Eucalyptus distans,no ribbons in upper branches
Eucalyptus distuberosa subsp. aerata,no ribbons in upper branches
Eucalyptus distuberosa subsp. distuberosa,no ribbons in upper branches
Eucalyptus diversicolor,no ribbons in upper branches
Eucalyptus diversifolia subsp. hesperia,no ribbons in upper branches
Eucalyptus dives,no ribbons in upper branches
Eucalyptus dolichocera,no ribbons in upper branches
Eucalyptus dolichorhyncha,no ribbons in upper branches
Eucalyptus dolorosa,no ribbons in upper branches
Eucalyptus doratoxylon,no ribbons in upper branches
Eucalyptus dorrienii,no ribbons in upper branches
Eucalyptus dorrigoensis,no ribbons in upper branches
Eucalyptus drummondii,no ribbons in upper branches
Eucalyptus dumosa,no ribbons in upper branches
Eucalyptus dundasii,no ribbons in upper branches
Eucalyptus dunnii,no ribbons in upper branches
Eucalyptus dura,no ribbons in upper branches
Eucalyptus dwyeri,no ribbons in upper branches
Eucalyptus ebbanoensis subsp. ebbanoensis,no ribbons in upper branches
Eucalyptus ebbanoensis subsp. photina,no ribbons in upper branches
Eucalyptus ecostata,no ribbons in upper branches
Eucalyptus educta,no ribbons in upper branches
Eucalyptus effusa,no ribbons in upper branches
Eucalyptus elaeophloia,no ribbons in upper branches
Eucalyptus elliptica,no ribbons in upper branches
Eucalyptus erectifolia,no ribbons in upper branches
Eucalyptus eremicola subsp. eremicola,no ribbons in upper branches
Eucalyptus eremicola subsp. peeneri,no ribbons in upper branches
Eucalyptus eremophila,no ribbons in upper branches
Eucalyptus erosa,no ribbons in upper branches
Eucalyptus erythrandra,no ribbons in upper branches
Eucalyptus erythrocorys,no ribbons in upper branches
Eucalyptus erythronema subsp. erythronema,no ribbons in upper branches
Eucalyptus erythronema subsp. inornata,no ribbons in upper branches
Eucalyptus eudesmioides subsp. eudesmioides,no ribbons in upper branches
Eucalyptus eudesmioides subsp. Pallida,no ribbons in upper branches
Eucalyptus eugenioides,no ribbons in upper branches
Eucalyptus ewartiana,no ribbons in upper branches
Eucalyptus exigua,no ribbons in upper branches
Eucalyptus exilipes,no ribbons in upper branches
Eucalyptus exilis,no ribbons in upper branches
Eucalyptus exserta,no ribbons in upper branches
Eucalyptus extensa,no ribbons in upper branches
Eucalyptus extrica,no ribbons in upper branches
Eucalyptus falcata,no ribbons in upper branches
Eucalyptus famelica,no ribbons in upper branches
Eucalyptus farinosa,no ribbons in upper branches
Eucalyptus fasciculosa,no ribbons in upper branches
Eucalyptus fastigata,no ribbons in upper branches
Eucalyptus fibrosa subsp. fibrosa,no ribbons in upper branches
Eucalyptus fibrosa subsp. nubila,no ribbons in upper branches
Eucalyptus flavida,no ribbons in upper branches
Eucalyptus flindersii,no ribbons in upper branches
Eucalyptus flocktoniae subsp. flocktoniae,no ribbons in upper branches
Eucalyptus flocktoniae subsp. hebes,no ribbons in upper branches
Eucalyptus foecunda,no ribbons in upper branches
Eucalyptus foliosa,no ribbons in upper branches
Eucalyptus formanii,no ribbons in upper branches
Eucalyptus forrestiana,no ribbons in upper branches
Eucalyptus fraseri subsp. fraseri,no ribbons in upper branches
Eucalyptus fraseri subsp. melanobasis,no ribbons in upper branches
Eucalyptus fraxinoides,no ribbons in upper branches
Eucalyptus frenchiana,no ribbons in upper branches
Eucalyptus froggattii,no ribbons in upper branches
Eucalyptus fruticosa,no ribbons in upper branches
Eucalyptus fulgens,no ribbons in upper branches
Eucalyptus fusiformis,no ribbons in upper branches
Eucalyptus gamophylla,no ribbons in upper branches
Eucalyptus gardneri subsp. gardneri,no ribbons in upper branches
Eucalyptus gardneri subsp. ravensthorpensis,no ribbons in upper branches
Eucalyptus georgei subsp. fulgida,no ribbons in upper branches
Eucalyptus georgei subsp. georgei,no ribbons in upper branches
Eucalyptus gigantangion,no ribbons in upper branches
Eucalyptus gillenii,no ribbons in upper branches
Eucalyptus gillii,no ribbons in upper branches
Eucalyptus gittinsii subsp. gittinsii,no ribbons in upper branches
Eucalyptus gittinsii subsp. illucida,no ribbons in upper branches
Eucalyptus glaucescens,no ribbons in upper branches
Eucalyptus glaucina,no ribbons in upper branches
Eucalyptus globoidea,no ribbons in upper branches
Eucalyptus globulus subsp. maidenii,no ribbons in upper branches
Eucalyptus globulus subsp. pseudoglobulus,no ribbons in upper branches
Eucalyptus glomericassis,no ribbons in upper branches
Eucalyptus glomerosa,no ribbons in upper branches
Eucalyptus gomphocephala,no ribbons in upper branches
Eucalyptus gongylocarpa,no ribbons in upper branches
Eucalyptus goniantha subsp. goniantha,no ribbons in upper branches
Eucalyptus goniantha subsp. kynoura,no ribbons in upper branches
Eucalyptus goniocalyx subsp. exposa,no ribbons in upper branches
Eucalyptus goniocalyx subsp. goniocalyx,no ribbons in upper branches
Eucalyptus goniocarpa,no ribbons in upper branches
Eucalyptus gracilis,no ribbons in upper branches
Eucalyptus grandis,no ribbons in upper branches
Eucalyptus granitica,no ribbons in upper branches
Eucalyptus gregoriensis,no ribbons in upper branches
Eucalyptus gregsoniana,no ribbons in upper branches
Eucalyptus griffithsii,no ribbons in upper branches
Eucalyptus grisea,no ribbons in upper branches
Eucalyptus grossa,no ribbons in upper branches
Eucalyptus guilfoylei,no ribbons in upper branches
Eucalyptus gunnii,no ribbons in upper branches
Eucalyptus gypsophila,no ribbons in upper branches
Eucalyptus haemastoma,no ribbons in upper branches
Eucalyptus hallii,no ribbons in upper branches
Eucalyptus halophila,no ribbons in upper branches
Eucalyptus helidonica,no ribbons in upper branches
Eucalyptus herbertiana,no ribbons in upper branches
Eucalyptus histophylla,no ribbons in upper branches
Eucalyptus horistes,no ribbons in upper branches
Eucalyptus houseana,no ribbons in upper branches
Eucalyptus howittiana,no ribbons in upper branches
Eucalyptus hypolaena,no ribbons in upper branches
Eucalyptus hypostomatica,no ribbons in upper branches
Eucalyptus ignorabilis,no ribbons in upper branches
Eucalyptus imitans,no ribbons in upper branches
Eucalyptus imlayensis,no ribbons in upper branches
Eucalyptus impensa,no ribbons in upper branches
Eucalyptus incerata,no ribbons in upper branches
Eucalyptus incrassata,no ribbons in upper branches
Eucalyptus indurata,no ribbons in upper branches
Eucalyptus infera,no ribbons in upper branches
Eucalyptus insularis,no ribbons in upper branches
Eucalyptus interstans,no ribbons in upper branches
Eucalyptus intertexta,no ribbons in upper branches
Eucalyptus jacksonii,no ribbons in upper branches
Eucalyptus jensenii,no ribbons in upper branches
Eucalyptus johnsoniana,no ribbons in upper branches
Eucalyptus johnstonii,no ribbons in upper branches
Eucalyptus jucunda,no ribbons in upper branches
Eucalyptus jutsonii subsp. jutsonii,no ribbons in upper branches
Eucalyptus jutsonii subsp. kobela,no ribbons in upper branches
Eucalyptus kabiana,no ribbons in upper branches
Eucalyptus kartzoffiana,no ribbons in upper branches
Eucalyptus kenneallyi,no ribbons in upper branches
Eucalyptus kessellii subsp. eugnosta,no ribbons in upper branches
Eucalyptus kessellii subsp. kessellii,no ribbons in upper branches
Eucalyptus kingsmillii subsp. alatissima,no ribbons in upper branches
Eucalyptus kingsmillii subsp. kingsmillii,no ribbons in upper branches
Eucalyptus kitsoniana,no ribbons in upper branches
Eucalyptus kochii subsp. amaryssia,no ribbons in upper branches
Eucalyptus kochii subsp. borealis,no ribbons in upper branches
Eucalyptus kochii subsp. kochii,no ribbons in upper branches
Eucalyptus kochii subsp. plenissima,no ribbons in upper branches
Eucalyptus kochii subsp. yellowdinensis,no ribbons in upper branches
Eucalyptus kondininensis,no ribbons in upper branches
Eucalyptus kondininensis subsp. tuberosa,no ribbons in upper branches
Eucalyptus koolpinensis,no ribbons in upper branches
Eucalyptus kruseana,no ribbons in upper branches
Eucalyptus kumarlensis,no ribbons in upper branches
Eucalyptus kybeanensis,no ribbons in upper branches
Eucalyptus lacrimans,no ribbons in upper branches
Eucalyptus laeliae,no ribbons in upper branches
Eucalyptus laevis,no ribbons in upper branches
Eucalyptus laevopinea,no ribbons in upper branches
Eucalyptus lane-poolei,no ribbons in upper branches
Eucalyptus langleyi,no ribbons in upper branches
Eucalyptus lansdowneana,no ribbons in upper branches
Eucalyptus largeana,no ribbons in upper branches
Eucalyptus largiflorens,no ribbons in upper branches
Eucalyptus latens,no ribbons in upper branches
Eucalyptus lateritica,no ribbons in upper branches
Eucalyptus latisinensis,no ribbons in upper branches
Eucalyptus lehmanii subsp. parallela,no ribbons in upper branches
Eucalyptus lehmannii subsp. lehmannii,no ribbons in upper branches
Eucalyptus leprophloia,no ribbons in upper branches
Eucalyptus leptocalyx,no ribbons in upper branches
Eucalyptus leptophleba,no ribbons in upper branches
Eucalyptus leptophylla,no ribbons in upper branches
Eucalyptus leptopoda subsp. arctata,no ribbons in upper branches
Eucalyptus leptopoda subsp. elevata,no ribbons in upper branches
Eucalyptus leptopoda subsp. leptopoda,no ribbons in upper branches
Eucalyptus leptopoda subsp. subluta,no ribbons in upper branches
Eucalyptus lesouefii,no ribbons in upper branches
Eucalyptus leucophloia subsp. euroa,no ribbons in upper branches
Eucalyptus leucophloia subsp. leucophloia,no ribbons in upper branches
Eucalyptus leucophylla,no ribbons in upper branches
Eucalyptus leucoxylon subsp. leucoxylon,no ribbons in upper branches
Eucalyptus leucoxylon subsp. megalocarpa,no ribbons in upper branches
Eucalyptus leucoxylon subsp. pruinosa,no ribbons in upper branches
Eucalyptus leucoxylon subsp. stephaniae,no ribbons in upper branches
Eucalyptus ligulata subsp. ligulata,no ribbons in upper branches
Eucalyptus ligulata subsp. stirlingica,no ribbons in upper branches
Eucalyptus ligustrina,no ribbons in upper branches
Eucalyptus limitaris,no ribbons in upper branches
Eucalyptus lirata,no ribbons in upper branches
Eucalyptus litoralis,no ribbons in upper branches
Eucalyptus litorea,no ribbons in upper branches
Eucalyptus livida,no ribbons in upper branches
Eucalyptus lockyeri subsp. exuta,no ribbons in upper branches
Eucalyptus lockyeri subsp. lockyeri,no ribbons in upper branches
Eucalyptus longicornis,no ribbons in upper branches
Eucalyptus longifolia,no ribbons in upper branches
Eucalyptus longirostrata,no ribbons in upper branches
Eucalyptus longissima,no ribbons in upper branches
Eucalyptus loxophleba subsp. gratiae,no ribbons in upper branches
Eucalyptus loxophleba subsp. lissophloia,no ribbons in upper branches
Eucalyptus loxophleba subsp. loxophleba,no ribbons in upper branches
Eucalyptus loxophleba subsp. supralaevis,no ribbons in upper branches
Eucalyptus lucasii,no ribbons in upper branches
Eucalyptus lucens,no ribbons in upper branches
Eucalyptus luculenta,no ribbons in upper branches
Eucalyptus luehmanniana,no ribbons in upper branches
Eucalyptus luteola,no ribbons in upper branches
Eucalyptus macarthurii,no ribbons in upper branches
Eucalyptus mackintii,no ribbons in upper branches
Eucalyptus macrandra,no ribbons in upper branches
Eucalyptus macrorhyncha subsp. cannonii,no ribbons in upper branches
Eucalyptus macrorhyncha subsp. macrorhyncha,no ribbons in upper branches
Eucalyptus magnificata,no ribbons in upper branches
Eucalyptus major,no ribbons in upper branches
Eucalyptus malacoxylon,no ribbons in upper branches
Eucalyptus mannensis subsp. mannensis,no ribbons in upper branches
Eucalyptus mannensis subsp. vespertina,no ribbons in upper branches
Eucalyptus mannifera subsp. gullickii,no ribbons in upper branches
Eucalyptus mannifera subsp. mannifera,no ribbons in upper branches
Eucalyptus mannifera subsp. praecox,no ribbons in upper branches
Eucalyptus marginata subsp. elegantella,no ribbons in upper branches
Eucalyptus marginata subsp. marginata,no ribbons in upper branches
Eucalyptus marginata subsp. thalassica,no ribbons in upper branches
Eucalyptus mckieana,no ribbons in upper branches
Eucalyptus mcquoidii,no ribbons in upper branches
Eucalyptus medialis,no ribbons in upper branches
Eucalyptus mediocris,no ribbons in upper branches
Eucalyptus megacarpa,no ribbons in upper branches
Eucalyptus megacornuta,no ribbons in upper branches
Eucalyptus megasepala,no ribbons in upper branches
Eucalyptus melanoleuca,no ribbons in upper branches
Eucalyptus melanophitra,no ribbons in upper branches
Eucalyptus melanophloia subsp. melanophloia,no ribbons in upper branches
Eucalyptus melanophloia subsp. nana,no ribbons in upper branches
Eucalyptus melanoxylon,no ribbons in upper branches
Eucalyptus melliodora,no ribbons in upper branches
Eucalyptus merrickiae,no ribbons in upper branches
Eucalyptus michaeliana,no ribbons in upper branches
Eucalyptus micranthera,no ribbons in upper branches
Eucalyptus microcarpa,no ribbons in upper branches
Eucalyptus microcorys,no ribbons in upper branches
Eucalyptus microneura,no ribbons in upper branches
Eucalyptus microschema,no ribbons in upper branches
Eucalyptus microtheca,no ribbons in upper branches
Eucalyptus mimica subsp. continens,no ribbons in upper branches
Eucalyptus mimica subsp. mimica,no ribbons in upper branches
Eucalyptus miniata,no ribbons in upper branches
Eucalyptus misella,no ribbons in upper branches
Eucalyptus mitchelliana,no ribbons in upper branches
Eucalyptus moderata,no ribbons in upper branches
Eucalyptus moluccana,no ribbons in upper branches
Eucalyptus mooreana,no ribbons in upper branches
Eucalyptus moorei subsp. moorei,no ribbons in upper branches
Eucalyptus moorei subsp. serpentinicola,no ribbons in upper branches
Eucalyptus morrisbyi,no ribbons in upper branches
Eucalyptus morrisii,no ribbons in upper branches
Eucalyptus muelleriana,no ribbons in upper branches
Eucalyptus multicaulis,no ribbons in upper branches
Eucalyptus myriadena,no ribbons in upper branches
Eucalyptus nandewarica,no ribbons in upper branches
Eucalyptus nebulosa,no ribbons in upper branches
Eucalyptus neglecta,no ribbons in upper branches
Eucalyptus newbeyi,no ribbons in upper branches
Eucalyptus nicholii,no ribbons in upper branches
Eucalyptus nigrifunda,no ribbons in upper branches
Eucalyptus nitens,no ribbons in upper branches
Eucalyptus nobilis,no ribbons in upper branches
Eucalyptus normantonensis,no ribbons in upper branches
Eucalyptus nortonii,no ribbons in upper branches
Eucalyptus notabilis,no ribbons in upper branches
Eucalyptus notactites,no ribbons in upper branches
Eucalyptus nova-anglica,no ribbons in upper branches
Eucalyptus nudicaulis,no ribbons in upper branches
Eucalyptus nutans,no ribbons in upper branches
Eucalyptus obconica,no ribbons in upper branches
Eucalyptus obesa,no ribbons in upper branches
Eucalyptus obliqua,no ribbons in upper branches
Eucalyptus obtusiflora,no ribbons in upper branches
Eucalyptus occidentalis,no ribbons in upper branches
Eucalyptus ochrophloia,no ribbons in upper branches
Eucalyptus odontocarpa,no ribbons in upper branches
Eucalyptus odorata,no ribbons in upper branches
Eucalyptus oleosa subsp. corvina,no ribbons in upper branches
Eucalyptus oleosa subsp. cylindroidea,no ribbons in upper branches
Eucalyptus oleosa subsp. oleosa,no ribbons in upper branches
Eucalyptus olida,no ribbons in upper branches
Eucalyptus oligantha,no ribbons in upper branches
Eucalyptus olivina,no ribbons in upper branches
Eucalyptus olsenii,no ribbons in upper branches
Eucalyptus ophitica,no ribbons in upper branches
Eucalyptus opimiflora,no ribbons in upper branches
Eucalyptus optima,no ribbons in upper branches
Eucalyptus oraria,no ribbons in upper branches
Eucalyptus orbifolia,no ribbons in upper branches
Eucalyptus ordiana,no ribbons in upper branches
Eucalyptus oreades,no ribbons in upper branches
Eucalyptus orgadophila,no ribbons in upper branches
Eucalyptus ornata,no ribbons in upper branches
Eucalyptus orthostemon,no ribbons in upper branches
Eucalyptus ovata var. grandiflora,no ribbons in upper branches
Eucalyptus ovata var. ovata,no ribbons in upper branches
Eucalyptus ovularis,no ribbons in upper branches
Eucalyptus oxymitra,no ribbons in upper branches
Eucalyptus pachycalyx subsp. pachycalyx,no ribbons in upper branches
Eucalyptus pachycalyx subsp. waajensis,no ribbons in upper branches
Eucalyptus pachyloma,no ribbons in upper branches
Eucalyptus pachyphylla,no ribbons in upper branches
Eucalyptus paedoglauca,no ribbons in upper branches
Eucalyptus paliformis,no ribbons in upper branches
Eucalyptus paludicola,no ribbons in upper branches
Eucalyptus panda,no ribbons in upper branches
Eucalyptus paniculata,no ribbons in upper branches
Eucalyptus pantoleuca,no ribbons in upper branches
Eucalyptus parramattensis subsp. decadens,no ribbons in upper branches
Eucalyptus parramattensis subsp. parramattensis,no ribbons in upper branches
Eucalyptus parramattensis var. sphaerocalyx,no ribbons in upper branches
Eucalyptus parvula,no ribbons in upper branches
Eucalyptus patellaris,no ribbons in upper branches
Eucalyptus patens,no ribbons in upper branches
Eucalyptus pauciflora subsp. acerina,no ribbons in upper branches
Eucalyptus pauciflora subsp. debeuzevillei,no ribbons in upper branches
Eucalyptus pauciflora subsp. hedraia,no ribbons in upper branches
Eucalyptus pauciflora subsp. niphophila,no ribbons in upper branches
Eucalyptus pauciflora subsp. pauciflora,no ribbons in upper branches
Eucalyptus pellita,no ribbons in upper branches
Eucalyptus pendens,no ribbons in upper branches
Eucalyptus peninsularis,no ribbons in upper branches
Eucalyptus perangusta,no ribbons in upper branches
Eucalyptus percostata,no ribbons in upper branches
Eucalyptus perriniana,no ribbons in upper branches
Eucalyptus persistens subsp. persistens,no ribbons in upper branches
Eucalyptus persistens subsp. tardecidens,no ribbons in upper branches
Eucalyptus petiolaris,no ribbons in upper branches
Eucalyptus petraea,no ribbons in upper branches
Eucalyptus petrensis,no ribbons in upper branches
Eucalyptus phaenophylla subsp. interjacens,no ribbons in upper branches
Eucalyptus phaenophylla subsp. phaenophylla,no ribbons in upper branches
Eucalyptus phenax subsp. compressa,no ribbons in upper branches
Eucalyptus phenax subsp. phenax,no ribbons in upper branches
Eucalyptus phoenicea,no ribbons in upper branches
Eucalyptus pilbarensis,no ribbons in upper branches
Eucalyptus pileata,no ribbons in upper branches
Eucalyptus pilularis,no ribbons in upper branches
Eucalyptus pimpiniana,no ribbons in upper branches
Eucalyptus piperita subsp. piperita,no ribbons in upper branches
Eucalyptus piperita subsp. urceolaris,no ribbons in upper branches
Eucalyptus placita,no ribbons in upper branches
Eucalyptus planchoniana,no ribbons in upper branches
Eucalyptus platycorys,no ribbons in upper branches
Eucalyptus platydisca,no ribbons in upper branches
Eucalyptus platyphylla,no ribbons in upper branches
Eucalyptus platypus subsp. congregata,no ribbons in upper branches
Eucalyptus platypus subsp. platypus,no ribbons in upper branches
Eucalyptus pleurocarpa,no ribbons in upper branches
Eucalyptus pluricaulis subsp. pluricaulis,no ribbons in upper branches
Eucalyptus pluricaulis subsp. porphyrea,no ribbons in upper branches
Eucalyptus polita,no ribbons in upper branches
Eucalyptus polyanthemos subsp. longior,no ribbons in upper branches
Eucalyptus polyanthemos subsp. polyanthemos,no ribbons in upper branches
Eucalyptus polyanthemos subsp. vestita,no ribbons in upper branches
Eucalyptus polybractea,no ribbons in upper branches
Eucalyptus populnea,no ribbons in upper branches
Eucalyptus porosa,no ribbons in upper branches
Eucalyptus praetermissa,no ribbons in upper branches
Eucalyptus prava,no ribbons in upper branches
Eucalyptus preissiana subsp. lobata,no ribbons in upper branches
Eucalyptus preissiana subsp. preissiana,no ribbons in upper branches
Eucalyptus prolixa,no ribbons in upper branches
Eucalyptus prominens,no ribbons in upper branches
Eucalyptus propinqua,no ribbons in upper branches
Eucalyptus protensa,no ribbons in upper branches
Eucalyptus provecta,no ribbons in upper branches
Eucalyptus proxima,no ribbons in upper branches
Eucalyptus pruiniramis,no ribbons in upper branches
Eucalyptus pruinosa subsp. pruinosa,no ribbons in upper branches
Eucalyptus pruinosa subsp. tenuata,no ribbons in upper branches
Eucalyptus psammitica,no ribbons in upper branches
Eucalyptus pterocarpa,no ribbons in upper branches
Eucalyptus pulchella,no ribbons in upper branches
Eucalyptus pulverulenta,no ribbons in upper branches
Eucalyptus pumila,no ribbons in upper branches
Eucalyptus punctata,no ribbons in upper branches
Eucalyptus purpurata,no ribbons in upper branches
Eucalyptus pyriformis,no ribbons in upper branches
Eucalyptus pyrocarpa,no ribbons in upper branches
Eucalyptus quadrangulata,no ribbons in upper branches
Eucalyptus quadrans,no ribbons in upper branches
Eucalyptus quaerenda,no ribbons in upper branches
Eucalyptus racemosa subsp. racemosa,no ribbons in upper branches
Eucalyptus racemosa subsp. rossii,no ribbons in upper branches
Eucalyptus radiata subsp. radiata,no ribbons in upper branches
Eucalyptus radiata subsp. robertsonii,no ribbons in upper branches
Eucalyptus radiata subsp. sejuncta,no ribbons in upper branches
Eucalyptus rameliana,no ribbons in upper branches
Eucalyptus raveretiana,no ribbons in upper branches
Eucalyptus ravida,no ribbons in upper branches
Eucalyptus recta,no ribbons in upper branches
Eucalyptus recurva,no ribbons in upper branches
Eucalyptus redunca,no ribbons in upper branches
Eucalyptus regnans,no ribbons in upper branches
Eucalyptus relicta,no ribbons in upper branches
Eucalyptus remota,no ribbons in upper branches
Eucalyptus repullulans,no ribbons in upper branches
Eucalyptus resinifera subsp. hemilampra,no ribbons in upper branches
Eucalyptus resinifera subsp. resinifera,no ribbons in upper branches
Eucalyptus retinens,no ribbons in upper branches
Eucalyptus retusa,no ribbons in upper branches
Eucalyptus rhodantha,no ribbons in upper branches
Eucalyptus rhombica,no ribbons in upper branches
Eucalyptus rhomboidea,no ribbons in upper branches
Eucalyptus rigens,no ribbons in upper branches
Eucalyptus rigidula,no ribbons in upper branches
Eucalyptus risdonii,no ribbons in upper branches
Eucalyptus robusta,no ribbons in upper branches
Eucalyptus rodwayi,no ribbons in upper branches
Eucalyptus rosacea,no ribbons in upper branches
Eucalyptus rowleyi,no ribbons in upper branches
Eucalyptus roycei,no ribbons in upper branches
Eucalyptus rubida subsp. barbigerorum,no ribbons in upper branches
Eucalyptus rubida subsp. rubida,no ribbons in upper branches
Eucalyptus rubiginosa,no ribbons in upper branches
Eucalyptus rudderi,no ribbons in upper branches
Eucalyptus rudis subsp. cratyantha,no ribbons in upper branches
Eucalyptus rudis subsp. rudis,no ribbons in upper branches
Eucalyptus rugosa,no ribbons in upper branches
Eucalyptus rugulata,no ribbons in upper branches
Eucalyptus rummeryi,no ribbons in upper branches
Eucalyptus rupestris,no ribbons in upper branches
Eucalyptus salicola,no ribbons in upper branches
Eucalyptus saligna,no ribbons in upper branches
Eucalyptus salmonophloia,no ribbons in upper branches
Eucalyptus salubris,no ribbons in upper branches
Eucalyptus sargentii subsp. onesia,no ribbons in upper branches
Eucalyptus sargentii subsp. sargentii,no ribbons in upper branches
Eucalyptus saxatilis,no ribbons in upper branches
Eucalyptus scias subsp. apoda,no ribbons in upper branches
Eucalyptus scias subsp. scias,no ribbons in upper branches
Eucalyptus scoparia,no ribbons in upper branches
Eucalyptus scopulorum,no ribbons in upper branches
Eucalyptus seeana,no ribbons in upper branches
Eucalyptus selachiana,no ribbons in upper branches
Eucalyptus semiglobosa,no ribbons in upper branches
Eucalyptus semota,no ribbons in upper branches
Eucalyptus sepulcralis,no ribbons in upper branches
Eucalyptus serraensis,no ribbons in upper branches
Eucalyptus sessilis,no ribbons in upper branches
Eucalyptus sheathiana,no ribbons in upper branches
Eucalyptus shirleyi,no ribbons in upper branches
Eucalyptus sicilifolia,no ribbons in upper branches
Eucalyptus siderophloia,no ribbons in upper branches
Eucalyptus sideroxylon,no ribbons in upper branches
Eucalyptus sieberi,no ribbons in upper branches
Eucalyptus similis,no ribbons in upper branches
Eucalyptus singularis,no ribbons in upper branches
Eucalyptus sinuosa,no ribbons in upper branches
Eucalyptus socialis subsp. socialis,no ribbons in upper branches
Eucalyptus socialis subsp. victoriensis,no ribbons in upper branches
Eucalyptus socialis subsp. viridans,no ribbons in upper branches
Eucalyptus sp. Cockburn,no ribbons in upper branches
Eucalyptus sp. Dorsiventralis,no ribbons in upper branches
Eucalyptus sp. Kalbarri,no ribbons in upper branches
Eucalyptus sp. Southern Wheatbelt,no ribbons in upper branches
Eucalyptus sp. Undulans,no ribbons in upper branches
Eucalyptus sparsa,no ribbons in upper branches
Eucalyptus sparsifolia,no ribbons in upper branches
Eucalyptus spathulata subsp. salina,no ribbons in upper branches
Eucalyptus spathulata subsp. spathulata,no ribbons in upper branches
Eucalyptus sphaerocarpa,no ribbons in upper branches
Eucalyptus splendens subsp. arcana,no ribbons in upper branches
Eucalyptus splendens subsp. splendens,no ribbons in upper branches
Eucalyptus sporadica,no ribbons in upper branches
Eucalyptus spreta,no ribbons in upper branches
Eucalyptus squamosa,no ribbons in upper branches
Eucalyptus staeri,no ribbons in upper branches
Eucalyptus staigeriana,no ribbons in upper branches
Eucalyptus steedmanii,no ribbons in upper branches
Eucalyptus stellulata,no ribbons in upper branches
Eucalyptus stenostoma,no ribbons in upper branches
Eucalyptus stoatei,no ribbons in upper branches
Eucalyptus stowardii,no ribbons in upper branches
Eucalyptus striaticalyx,no ribbons in upper branches
Eucalyptus stricklandii,no ribbons in upper branches
Eucalyptus stricta,no ribbons in upper branches
Eucalyptus strzeleckii,no ribbons in upper branches
Eucalyptus sturgissiana,no ribbons in upper branches
Eucalyptus subangusta subsp. cerina,no ribbons in upper branches
Eucalyptus subangusta subsp. pusilla,no ribbons in upper branches
Eucalyptus subangusta subsp. subangusta,no ribbons in upper branches
Eucalyptus subangusta subsp. virescens,no ribbons in upper branches
Eucalyptus subcrenulata,no ribbons in upper branches
Eucalyptus suberea,no ribbons in upper branches
Eucalyptus subtilis,no ribbons in upper branches
Eucalyptus suffulgens,no ribbons in upper branches
Eucalyptus suggrandis subsp. promiscua,no ribbons in upper branches
Eucalyptus suggrandis subsp. suggrandis,no ribbons in upper branches
Eucalyptus surgens,no ribbons in upper branches
Eucalyptus synandra,no ribbons in upper branches
Eucalyptus talyuberlup,no ribbons in upper branches
Eucalyptus taurina,no ribbons in upper branches
Eucalyptus tectifica,no ribbons in upper branches
Eucalyptus tenella,no ribbons in upper branches
Eucalyptus tenera,no ribbons in upper branches
Eucalyptus tenuipes,no ribbons in upper branches
Eucalyptus tenuiramis,no ribbons in upper branches
Eucalyptus tenuis,no ribbons in upper branches
Eucalyptus tephroclada,no ribbons in upper branches
Eucalyptus tephrodes,no ribbons in upper branches
Eucalyptus terebra,no ribbons in upper branches
Eucalyptus tereticornis subsp. basaltica,no ribbons in upper branches
Eucalyptus tereticornis subsp. mediana,no ribbons in upper branches
Eucalyptus tereticornis subsp. rotunda,no ribbons in upper branches
Eucalyptus tereticornis subsp. tereticornis,no ribbons in upper branches
Eucalyptus terrica,no ribbons in upper branches
Eucalyptus tetrapleura,no ribbons in upper branches
Eucalyptus tetraptera,no ribbons in upper branches
Eucalyptus tetrodonta,no ribbons in upper branches
Eucalyptus thamnoides subsp. megista,no ribbons in upper branches
Eucalyptus thamnoides subsp. thamnoides,no ribbons in upper branches
Eucalyptus tholiformis,no ribbons in upper branches
Eucalyptus thozetiana,no ribbons in upper branches
Eucalyptus tindaliae,no ribbons in upper branches
Eucalyptus tintinnans,no ribbons in upper branches
Eucalyptus todtiana,no ribbons in upper branches
Eucalyptus torquata,no ribbons in upper branches
Eucalyptus tortilis,no ribbons in upper branches
Eucalyptus transcontinentalis,no ribbons in upper branches
Eucalyptus tricarpa,no ribbons in upper branches
Eucalyptus triflora,no ribbons in upper branches
Eucalyptus trivalvis,no ribbons in upper branches
Eucalyptus tumida,no ribbons in upper branches
Eucalyptus ultima,no ribbons in upper branches
Eucalyptus umbra,no ribbons in upper branches
Eucalyptus umbrawarrensis,no ribbons in upper branches
Eucalyptus uncinata,no ribbons in upper branches
Eucalyptus urna,no ribbons in upper branches
Eucalyptus urnigera,no ribbons in upper branches
Eucalyptus utilis,no ribbons in upper branches
Eucalyptus valens,no ribbons in upper branches
Eucalyptus varia subsp. salsuginosa,no ribbons in upper branches
Eucalyptus varia subsp. varia,no ribbons in upper branches
Eucalyptus vegrandis subsp. recondita,no ribbons in upper branches
Eucalyptus vegrandis subsp. vegrandis,no ribbons in upper branches
Eucalyptus vernicosa,no ribbons in upper branches
Eucalyptus verrucata,no ribbons in upper branches
Eucalyptus vesiculosa,no ribbons in upper branches
Eucalyptus vicina,no ribbons in upper branches
Eucalyptus victoriana,no ribbons in upper branches
Eucalyptus victrix,no ribbons in upper branches
Eucalyptus viminalis subsp. cygnetensis,no ribbons in upper branches
Eucalyptus viminalis subsp. hentyensis,no ribbons in upper branches
Eucalyptus viminalis subsp. pryoriana,no ribbons in upper branches
Eucalyptus viminalis subsp. viminalis,no ribbons in upper branches
Eucalyptus virens,no ribbons in upper branches
Eucalyptus virginea,no ribbons in upper branches
Eucalyptus viridis,no ribbons in upper branches
Eucalyptus vokesensis,no ribbons in upper branches
Eucalyptus volcanica,no ribbons in upper branches
Eucalyptus wandoo subsp. pulverea,no ribbons in upper branches
Eucalyptus wandoo subsp. wandoo,no ribbons in upper branches
Eucalyptus websteriana,no ribbons in upper branches
Eucalyptus whitei,no ribbons in upper branches
Eucalyptus wilcoxii,no ribbons in upper branches
Eucalyptus williamsiana,no ribbons in upper branches
Eucalyptus willisii subsp. falciformis,no ribbons in upper branches
Eucalyptus willisii subsp. willisii,no ribbons in upper branches
Eucalyptus woodwardii,no ribbons in upper branches
Eucalyptus woollsiana,no ribbons in upper branches
Eucalyptus wyolensis,no ribbons in upper branches
Eucalyptus x balanites,no ribbons in upper branches
Eucalyptus x balanopelex,no ribbons in upper branches
Eucalyptus x missilis,no ribbons in upper branches
Eucalyptus x phylacis,no ribbons in upper branches
Eucalyptus xanthonema subsp. apposita,no ribbons in upper branches
Eucalyptus xanthonema subsp. xanthonema,no ribbons in upper branches
Eucalyptus xerothermica,no ribbons in upper branches
Eucalyptus yalatensis,no ribbons in upper branches
Eucalyptus yarraensis,no ribbons in upper branches
Eucalyptus yilgarnensis,no ribbons in upper branches
Eucalyptus youmanii,no ribbons in upper branches
Eucalyptus youngiana,no ribbons in upper branches
Eucalyptus yumbarrana,no ribbons in upper branches
Eucalyptus zopherophloia,no ribbons in upper branches
