"APC_confirmed_name","BioNet_assigned","BioNet_unassigned","EUCLID_checked","EUCLID_no_match"
"Angophora bakeri","Angophora bakeri","Angophora bakeri","Angophora bakeri subsp. bakeri",NA
"Angophora bakeri","Angophora bakeri","Angophora bakeri subsp. bakeri","Angophora bakeri subsp. bakeri",NA
"Angophora costata","Angophora costata","Angophora costata","Angophora costata subsp. costata",NA
"Angophora costata","Angophora costata","Angophora costata subsp. costata","Angophora costata subsp. costata",NA
"Angophora bakeri subsp. crassifolia","Angophora crassifolia","Angophora bakeri subsp. crassifolia","Angophora bakeri subsp. crassifolia",NA
"Angophora bakeri subsp. crassifolia","Angophora crassifolia","Angophora crassifolia","Angophora bakeri subsp. crassifolia",NA
"Angophora costata subsp. euryphylla","Angophora euryphylla","Angophora costata subsp. euryphylla","Angophora costata subsp. euryphylla",NA
"Angophora costata subsp. euryphylla","Angophora euryphylla","Angophora euryphylla","Angophora costata subsp. euryphylla",NA
"Angophora bakeri subsp. bakeri","Angophora exul","Angophora exul","Angophora bakeri subsp. bakeri",NA
"Angophora floribunda","Angophora floribunda","Angophora floribunda","Angophora floribunda",NA
"","Angophora floribunda x paludosa","Angophora floribunda x paludosa","No match",NA
"Angophora hispida","Angophora hispida","Angophora hispida","Angophora hispida",NA
"Angophora inopina","Angophora inopina","Angophora inopina","Angophora inopina",NA
"Angophora leiocarpa","Angophora leiocarpa","Angophora costata subsp. leiocarpa","Angophora costata subsp. leiocarpa",NA
"Angophora leiocarpa","Angophora leiocarpa","Angophora leiocarpa","Angophora costata subsp. leiocarpa",NA
"Angophora melanoxylon","Angophora melanoxylon","Angophora melanoxylon","Angophora melanoxylon",NA
"Angophora bakeri subsp. bakeri ","Angophora paludosa","Angophora bakeri subsp. paludosa","Eucalyptus ovata subsp. ovata",NA
"Angophora bakeri subsp. bakeri ","Angophora paludosa","Angophora paludosa","Eucalyptus ovata subsp. ovata",NA
"Angophora robur","Angophora robur","Angophora robur","Angophora robur",NA
"","Angophora robur x subvelutina","Angophora robur x subvelutina","No match",NA
"Angophora subvelutina","Angophora subvelutina","Angophora subvelutina","Angophora subvelutina",NA
"Angophora woodsiana","Angophora woodsiana","Angophora woodsiana","Angophora woodsiana",NA
"Corymbia citriodora","Corymbia citriodora","Corymbia citriodora","Corymbia citriodora",NA
"Corymbia citriodora","Corymbia citriodora","Corymbia citriodora subsp. variegata","Corymbia citriodora",NA
"Corymbia clarksoniana","Corymbia dolichocarpa","Corymbia dolichocarpa","Corymbia clarksoniana",NA
"Corymbia clarksoniana","Corymbia dolichocarpa","Eucalyptus dolichocarpa","Corymbia clarksoniana",NA
"Corymbia clarksoniana","Corymbia dolichocarpa","Eucalyptus polycarpa","Corymbia clarksoniana",NA
"Corymbia eximia","Corymbia eximia","Corymbia eximia","Corymbia eximia",NA
"Corymbia eximia","Corymbia eximia","Eucalyptus eximia","Corymbia eximia",NA
"Corymbia gummifera","Corymbia gummifera","Corymbia gummifera","Corymbia gummifera",NA
"Corymbia gummifera","Corymbia gummifera","Eucalyptus gummifera","Corymbia gummifera",NA
"Corymbia henryi","Corymbia henryi","Corymbia henryi","Corymbia henryi",NA
"Corymbia henryi","Corymbia henryi","Eucalyptus henryi","Corymbia henryi",NA
"Corymbia intermedia","Corymbia intermedia","Corymbia intermedia","Corymbia intermedia",NA
"Corymbia intermedia","Corymbia intermedia","Eucalyptus intermedia","Corymbia intermedia",NA
"Corymbia maculata","Corymbia maculata","Corymbia maculata","Corymbia maculata",NA
"Corymbia maculata","Corymbia maculata","Eucalyptus maculata","Corymbia maculata",NA
"","Corymbia maculata <--> variegata intergrade","Corymbia maculata <--> variegata intergrade","No match",NA
"Corymbia tessellaris","Corymbia tessellaris","Corymbia tessellaris","Corymbia tessellaris",NA
"Corymbia tessellaris","Corymbia tessellaris","Eucalyptus tessellaris","Corymbia tessellaris",NA
"Corymbia torelliana","Corymbia torelliana","Corymbia torelliana","Corymbia torelliana",NA
"Corymbia torelliana","Corymbia torelliana","Eucalyptus torelliana","Corymbia torelliana",NA
"Corymbia trachyphloia","Corymbia trachyphloia","Corymbia trachyphloia","Corymbia trachyphloia",NA
"Corymbia trachyphloia","Corymbia trachyphloia subsp. amphistomatica","Corymbia trachyphloia subsp. amphistomatica","Corymbia trachyphloia",NA
"Corymbia trachyphloia","Corymbia trachyphloia subsp. trachyphloia","Corymbia trachyphloia subsp. trachyphloia","Corymbia trachyphloia",NA
"Corymbia terminalis","Corymbia tumescens","Corymbia tumescens","Corymbia terminalis",NA
"Corymbia terminalis","Corymbia tumescens","Eucalyptus opaca","Corymbia terminalis",NA
"Corymbia terminalis","Corymbia tumescens","Eucalyptus terminalis","Corymbia terminalis",NA
"Corymbia citriodora","Corymbia variegata","Corymbia variegata","Corymbia citriodora",NA
"Eucalyptus acaciiformis","Eucalyptus acaciiformis","Eucalyptus acaciiformis","Eucalyptus acaciiformis",NA
"Eucalyptus acmenoides","Eucalyptus acmenoides","Eucalyptus acmenioides","Eucalyptus acmenoides",NA
"Eucalyptus acmenoides","Eucalyptus acmenoides","Eucalyptus acmenoides","Eucalyptus acmenoides",NA
"Eucalyptus viridis","Eucalyptus aenea","Eucalyptus aenea","Eucalyptus viridis",NA
"Eucalyptus agglomerata","Eucalyptus agglomerata","Eucalyptus agglomerata","Eucalyptus agglomerata",NA
"Eucalyptus aggregata","Eucalyptus aggregata","Eucalyptus aggregata","Eucalyptus aggregata",NA
"Eucalyptus albens","Eucalyptus albens","Eucalyptus albens","Eucalyptus albens",NA
"","Eucalyptus albens <--> moluccana","Eucalyptus albens <--> moluccana","No match",NA
"","Eucalyptus albens <--> moluccana","Eucalyptus albens x moluccana","No match",NA
"","Eucalyptus albens x crebra","Eucalyptus albens x crebra","No match",NA
"Eucalyptus amplifolia","Eucalyptus amplifolia","Eucalyptus amplifolia","Eucalyptus amplifolia subsp. sessiliflora",NA
"Eucalyptus amplifolia subsp. amplifolia","Eucalyptus amplifolia subsp. amplifolia","Eucalyptus amplifolia subsp. amplifolia","Eucalyptus amplifolia subsp. amplifolia",NA
"Eucalyptus amplifolia subsp. sessiliflora","Eucalyptus amplifolia subsp. sessiliflora","Eucalyptus amplifolia subsp. sessiliflora","Eucalyptus amplifolia subsp. sessiliflora",NA
"Eucalyptus ancophila","Eucalyptus ancophila","Eucalyptus ancophila","Eucalyptus ancophila",NA
"Eucalyptus andrewsii","Eucalyptus andrewsii","Eucalyptus andrewsii","Eucalyptus andrewsii subsp. andrewsii",NA
"Eucalyptus andrewsii","Eucalyptus andrewsii","Eucalyptus andrewsii subsp. andrewsii","Eucalyptus andrewsii subsp. andrewsii",NA
"Eucalyptus angophoroides","Eucalyptus angophoroides","Eucalyptus angophoroides","Eucalyptus angophoroides",NA
"Eucalyptus apiculata","Eucalyptus apiculata","Eucalyptus apiculata","Eucalyptus apiculata",NA
"Eucalyptus apothalassica","Eucalyptus apothalassica","Eucalyptus apothalassica","Eucalyptus apothalassica",NA
"","Eucalyptus apothalassica x chloroclada","Eucalyptus apothalassica x chloroclada","No match",NA
"Eucalyptus approximans","Eucalyptus approximans","Eucalyptus approximans","Eucalyptus approximans subsp. approximans",NA
"Eucalyptus aquatica","Eucalyptus aquatica","Eucalyptus aquatica","Eucalyptus camphora subsp. camphora",NA
"Eucalyptus badjensis","Eucalyptus badjensis","Eucalyptus badjensis","Eucalyptus badjensis",NA
"Eucalyptus baeuerlenii","Eucalyptus baeuerlenii","Eucalyptus baeuerlenii","Eucalyptus baeuerlenii",NA
"Eucalyptus baileyana","Eucalyptus baileyana","Eucalyptus baileyana","Eucalyptus baileyana",NA
"Eucalyptus bakeri","Eucalyptus bakeri","Eucalyptus bakeri","Eucalyptus bakeri",NA
"Eucalyptus bancroftii","Eucalyptus bancroftii","Eucalyptus bancroftii","Eucalyptus bancroftii",NA
"Eucalyptus banksii","Eucalyptus banksii","Eucalyptus banksii","Eucalyptus banksii",NA
"Eucalyptus baueriana","Eucalyptus baueriana","Eucalyptus bauerana","Eucalyptus baueriana",NA
"Eucalyptus baueriana","Eucalyptus baueriana","Eucalyptus baueriana","Eucalyptus baueriana",NA
"Eucalyptus baxteri","Eucalyptus baxteri","Eucalyptus baxteri","Eucalyptus baxteri",NA
"Eucalyptus behriana","Eucalyptus behriana","Eucalyptus behriana","Eucalyptus behriana",NA
"Eucalyptus bensonii","Eucalyptus bensonii","Eucalyptus bensonii","Eucalyptus bensonii",NA
"Eucalyptus benthamii","Eucalyptus benthamii","Eucalyptus benthamii","Eucalyptus benthamii",NA
"Eucalyptus beyeriana","Eucalyptus beyeriana","Eucalyptus beyeri","Eucalyptus beyeri",NA
"Eucalyptus beyeriana","Eucalyptus beyeriana","Eucalyptus beyeriana","Eucalyptus beyeri",NA
"Eucalyptus x beyeri","Eucalyptus beyeriana <--> crebra","Eucalyptus beyeriana <--> crebra","No match",NA
"Eucalyptus globulus subsp. bicostata","Eucalyptus bicostata","Eucalyptus bicostata","Eucalyptus globulus subsp. bicostata",NA
"Eucalyptus globulus subsp. bicostata","Eucalyptus bicostata","Eucalyptus globulus subsp. bicostata","Eucalyptus globulus subsp. bicostata",NA
"Eucalyptus punctata","Eucalyptus biturbinata","Eucalyptus biturbinata","NA",NA
"Eucalyptus punctata","Eucalyptus biturbinata","Eucalyptus punctata var. didyma","NA",NA
"Eucalyptus blakelyi","Eucalyptus blakelyi","Eucalyptus blakelyi","Eucalyptus blakelyi",NA
"","Eucalyptus blakelyi <--> dealbata","Eucalyptus blakelyi <--> dealbata","No match",NA
"","Eucalyptus blakelyi <--> tereticornis","Eucalyptus blakelyi <--> tereticornis","No match",NA
"","Eucalyptus blakelyi x chloroclada","Eucalyptus blakelyi x chloroclada","No match",NA
"","Eucalyptus blakelyi x dwyeri","Eucalyptus blakelyi x dwyeri","No match",NA
"","Eucalyptus blakelyi x melliodora","Eucalyptus blakelyi x melliodora","No match",NA
"Eucalyptus blaxlandii","Eucalyptus blaxlandii","Eucalyptus blaxlandii","Eucalyptus blaxlandii",NA
"Eucalyptus boliviana","Eucalyptus boliviana","Eucalyptus boliviana","Eucalyptus boliviana",NA
"Eucalyptus bosistoana","Eucalyptus bosistoana","Eucalyptus bosistoana","Eucalyptus bosistoana",NA
"Eucalyptus botryoides","Eucalyptus botryoides","Eucalyptus botryoides","Eucalyptus botryoides",NA
"","Eucalyptus botryoides <--> saligna","Eucalyptus botryoides <--> saligna","No match",NA
"Eucalyptus bridgesiana","Eucalyptus bridgesiana","Eucalyptus bridgesiana","Eucalyptus bridgesiana",NA
"Eucalyptus deanei","Eucalyptus brunnea","Eucalyptus brunnea","NA",NA
"Eucalyptus burgessiana","Eucalyptus burgessiana","Eucalyptus burgessiana","Eucalyptus burgessiana",NA
"Eucalyptus caleyi","Eucalyptus caleyi","Eucalyptus caleyi","NA",NA
"Eucalyptus caleyi subsp. caleyi","Eucalyptus caleyi subsp. caleyi","Eucalyptus caleyi subsp. caleyi","Eucalyptus caleyi subsp. caleyi",NA
"Eucalyptus caleyi subsp. ovendenii","Eucalyptus caleyi subsp. ovendenii","Eucalyptus caleyi subsp. ovendenii","Eucalyptus caleyi subsp. ovendenii",NA
"Eucalyptus caliginosa","Eucalyptus caliginosa","Eucalyptus caliginosa","Eucalyptus caliginosa",NA
"","Eucalyptus caliginosa <--> laevopinea","Eucalyptus caliginosa <--> laevopinea","No match",NA
"Eucalyptus calycogona","Eucalyptus calycogona","Eucalyptus calycogona","Eucalyptus calycogona subsp. trachybasis",NA
"Eucalyptus camaldulensis","Eucalyptus camaldulensis","Eucalyptus camaldulensis","Eucalyptus camaldulensis subsp. camaldulensis",NA
"Eucalyptus camaldulensis","Eucalyptus camaldulensis","Eucalyptus camaldulensis subsp. camaldulensis","Eucalyptus camaldulensis subsp. camaldulensis",NA
"","Eucalyptus camaldulensis <--> chloroclada","Eucalyptus camaldulensis <--> chloroclada","No match",NA
"Eucalyptus cameronii","Eucalyptus cameronii","Eucalyptus cameronii","Eucalyptus cameronii",NA
"","Eucalyptus cameronii x mckiei","Eucalyptus cameronii x mckiei","No match",NA
"Eucalyptus camfieldii","Eucalyptus camfieldii","Eucalyptus camfieldii","Eucalyptus camfieldii",NA
"Eucalyptus campanulata","Eucalyptus campanulata","Eucalyptus andrewsii subsp. campanulata","Eucalyptus andrewsii subsp. campanulata",NA
"Eucalyptus campanulata","Eucalyptus campanulata","Eucalyptus campanulata","Eucalyptus andrewsii subsp. campanulata",NA
"Eucalyptus camphora","Eucalyptus camphora","Eucalyptus camphora","NA",NA
"Eucalyptus camphora subsp. camphora","Eucalyptus camphora subsp. camphora","Eucalyptus camphora subsp. camphora","Eucalyptus camphora subsp. camphora",NA
"Eucalyptus camphora subsp. humeana","Eucalyptus camphora subsp. humeana","Eucalyptus camphora subsp. humeana","Eucalyptus camphora subsp. humeana",NA
"Eucalyptus camphora subsp. camphora","Eucalyptus camphora subsp. relicta","Eucalyptus camphora subsp. relicta","NA",NA
"Eucalyptus canaliculata","Eucalyptus canaliculata","Eucalyptus canaliculata","Eucalyptus canaliculata",NA
"","Eucalyptus canaliculata <--> punctata","Eucalyptus canaliculata <--> punctata","No match",NA
"Eucalyptus macrorhyncha subsp. cannonii","Eucalyptus cannonii","Eucalyptus cannonii","Eucalyptus macrorhyncha subsp. cannonii",NA
"Eucalyptus macrorhyncha subsp. cannonii","Eucalyptus cannonii","Eucalyptus macrorhyncha subsp. cannonii","Eucalyptus macrorhyncha subsp. cannonii",NA
"Eucalyptus macrorhyncha subsp. cannonii","Eucalyptus cannonii <--> macrorhyncha","Eucalyptus cannonii <--> macrorhyncha","No match",NA
"Eucalyptus canobolensis","Eucalyptus canobolensis","Eucalyptus canobolensis","Eucalyptus canobolensis",NA
"Eucalyptus capitellata","Eucalyptus capitellata","Eucalyptus capitellata","Eucalyptus capitellata",NA
"Eucalyptus carnea","Eucalyptus carnea","Eucalyptus carnea","Eucalyptus carnea",NA
"Eucalyptus castrensis","Eucalyptus castrensis","Eucalyptus castrensis","NA",NA
"Eucalyptus chapmaniana","Eucalyptus chapmaniana","Eucalyptus chapmaniana","Eucalyptus chapmaniana",NA
"Eucalyptus chloroclada","Eucalyptus chloroclada","Eucalyptus chloroclada","Eucalyptus chloroclada",NA
"Eucalyptus cinerea","Eucalyptus cinerea","Eucalyptus cinerea","NA",NA
"Eucalyptus cladocalyx","Eucalyptus cladocalyx","Eucalyptus cladocalyx","Eucalyptus cladocalyx",NA
"Eucalyptus codonocarpa","Eucalyptus codonocarpa","Eucalyptus codonocarpa","Eucalyptus approximans subsp. codonocarpa",NA
"Eucalyptus conica","Eucalyptus conica","Eucalyptus conica","Eucalyptus conica",NA
"","Eucalyptus conjuncta","Eucalyptus conjuncta","NA",NA
"Eucalyptus consideniana","Eucalyptus consideniana","Eucalyptus consideniana","Eucalyptus consideniana",NA
"Eucalyptus conspicua","Eucalyptus conspicua","Eucalyptus conspicua","Eucalyptus conspicua subsp. conspicua",NA
"Eucalyptus coolabah","Eucalyptus coolabah","Eucalyptus coolabah","Eucalyptus coolabah",NA
"Eucalyptus coolabah","Eucalyptus coolabah","Eucalyptus microtheca","Eucalyptus coolabah",NA
"Eucalyptus coolabah","Eucalyptus coolabah subsp. arida","Eucalyptus coolabah subsp. arida","NA",NA
"Eucalyptus coolabah","Eucalyptus coolabah subsp. coolabah","Eucalyptus coolabah subsp. coolabah","NA",NA
"Eucalyptus corticosa","Eucalyptus corticosa","Eucalyptus aromaphloia","Eucalyptus corticosa",NA
"Eucalyptus corticosa","Eucalyptus corticosa","Eucalyptus corticosa","Eucalyptus corticosa",NA
"Eucalyptus incrassata","Eucalyptus costata subsp. murrayana","Eucalyptus costata","Eucalyptus incrassata",NA
"Eucalyptus incrassata","Eucalyptus costata subsp. murrayana","Eucalyptus costata subsp. murrayana","Eucalyptus incrassata",NA
"Eucalyptus incrassata","Eucalyptus costata subsp. murrayana","Eucalyptus incrassata","Eucalyptus incrassata",NA
"Eucalyptus crebra","Eucalyptus crebra","Eucalyptus crebra","Eucalyptus crebra",NA
"","Eucalyptus crebra x fibrosa","Eucalyptus crebra x fibrosa","No match",NA
"","Eucalyptus crebra x microcarpa","Eucalyptus crebra x microcarpa","No match",NA
"","Eucalyptus crebra x nubila","Eucalyptus crebra x nubila","No match",NA
"","Eucalyptus crebra x siderophloia","Eucalyptus crebra x siderophloia","No match",NA
"Eucalyptus crenulata","Eucalyptus crenulata","Eucalyptus crenulata","Eucalyptus crenulata",NA
"Eucalyptus croajingolensis","Eucalyptus croajingolensis","Eucalyptus croajingolensis","Eucalyptus croajingolensis",NA
"Eucalyptus cunninghamii","Eucalyptus cunninghamii","Eucalyptus cunninghamii","Eucalyptus cunninghamii",NA
"Eucalyptus cunninghamii","Eucalyptus cunninghamii","Eucalyptus rupicola","Eucalyptus cunninghamii",NA
"Eucalyptus cyanophylla","Eucalyptus cyanophylla","Eucalyptus cyanophylla","Eucalyptus cyanophylla",NA
"Eucalyptus cypellocarpa","Eucalyptus cypellocarpa","Eucalyptus cypellocarpa","Eucalyptus cypellocarpa",NA
"Eucalyptus dalrympleana","Eucalyptus dalrympleana","Eucalyptus dalrympleana","NA",NA
"Eucalyptus dalrympleana subsp. dalrympleana","Eucalyptus dalrympleana subsp. dalrympleana","Eucalyptus dalrympleana subsp. dalrympleana","Eucalyptus dalrympleana subsp. dalrympleana",NA
"Eucalyptus dalrympleana subsp. heptantha","Eucalyptus dalrympleana subsp. heptantha","Eucalyptus dalrympleana subsp. heptantha","Eucalyptus dalrympleana subsp. heptantha",NA
"","Eucalyptus dalrympleana x viminalis","Eucalyptus dalrympleana x viminalis","No match",NA
"Eucalyptus dawsonii","Eucalyptus dawsonii","Eucalyptus dawsonii","Eucalyptus dawsonii",NA
"Eucalyptus dealbata","Eucalyptus dealbata","Eucalyptus dealbata","Eucalyptus dealbata",NA
"","Eucalyptus dealbata x dwyeri","Eucalyptus dealbata x dwyeri","No match",NA
"Eucalyptus deanei","Eucalyptus deanei","Eucalyptus deanei","Eucalyptus deanei",NA
"Eucalyptus pauciflora subsp. debeuzevillei","Eucalyptus debeuzevillei","Eucalyptus debeuzevillei","Eucalyptus pauciflora subsp. debeuzevillei",NA
"Eucalyptus pauciflora subsp. debeuzevillei","Eucalyptus debeuzevillei","Eucalyptus pauciflora subsp. debeuzevillei","Eucalyptus pauciflora subsp. debeuzevillei",NA
"Eucalyptus delegatensis subsp. delegatensis","Eucalyptus delegatensis subsp. delegatensis","Eucalyptus delegatensis","Eucalyptus delegatensis subsp. delegatensis",NA
"Eucalyptus delegatensis subsp. delegatensis","Eucalyptus delegatensis subsp. delegatensis","Eucalyptus delegatensis subsp. delegatensis","Eucalyptus delegatensis subsp. delegatensis",NA
"Eucalyptus dendromorpha","Eucalyptus dendromorpha","Eucalyptus dendromorpha","Eucalyptus dendromorpha",NA
"Eucalyptus moorei subsp. moorei","Eucalyptus dissita","Eucalyptus dissita","Eucalyptus moorei subsp. moorei",NA
"Eucalyptus dives","Eucalyptus dives","Eucalyptus dives","Eucalyptus dives",NA
"","Eucalyptus dives x pauciflora","Eucalyptus dives x pauciflora","No match",NA
"","Eucalyptus dives x rossii","Eucalyptus dives x rossii","No match",NA
"Eucalyptus dorrigoensis","Eucalyptus dorrigoensis","Eucalyptus dorrigoensis","Eucalyptus dorrigoensis",NA
"Eucalyptus dumosa","Eucalyptus dumosa","Eucalyptus dumosa","Eucalyptus dumosa",NA
"Eucalyptus dunnii","Eucalyptus dunnii","Eucalyptus dunnii","Eucalyptus dunnii",NA
"Eucalyptus dwyeri","Eucalyptus dwyeri","Eucalyptus dwyeri","Eucalyptus dwyeri",NA
"Eucalyptus elata","Eucalyptus elata","Eucalyptus elata","Eucalyptus elata",NA
"Eucalyptus elegans","Eucalyptus elegans","Eucalyptus elegans","NA",NA
"Eucalyptus elliptica","Eucalyptus elliptica","Eucalyptus elliptica","Eucalyptus elliptica",NA
"Eucalyptus eugenioides","Eucalyptus eugenioides","Eucalyptus eugenioides","Eucalyptus eugenioides",NA
"Eucalyptus eugenioides","Eucalyptus eugenioides","Eucalyptus nigra","Eucalyptus eugenioides",NA
"","Eucalyptus eugenioides x globoidea","Eucalyptus eugenioides x globoidea","No match",NA
"Eucalyptus expressa","Eucalyptus expressa","Eucalyptus expressa","Eucalyptus expressa",NA
"Eucalyptus exserta","Eucalyptus exserta","Eucalyptus exserta","Eucalyptus exserta",NA
"Eucalyptus fastigata","Eucalyptus fastigata","Eucalyptus fastigata","Eucalyptus fastigata",NA
"Eucalyptus paniculata","Eucalyptus fergusonii","Eucalyptus fergusonii","NA",NA
"Eucalyptus paniculata","Eucalyptus fergusonii subsp. dorsiventralis","Eucalyptus fergusonii subsp. dorsiventralis","Eucalyptus sp. Dorsiventralis",NA
"Eucalyptus paniculata","Eucalyptus fergusonii subsp. fergusonii","Eucalyptus fergusonii subsp. fergusonii","NA",NA
"Eucalyptus fibrosa","Eucalyptus fibrosa","Eucalyptus fibrosa","Eucalyptus fibrosa subsp. fibrosa",NA
"Eucalyptus fibrosa","Eucalyptus fibrosa","Eucalyptus fibrosa subsp. fibrosa","Eucalyptus fibrosa subsp. fibrosa",NA
"","Eucalyptus fibrosa x punctata","Eucalyptus fibrosa x punctata","No match",NA
"Eucalyptus fracta","Eucalyptus fracta","Eucalyptus fracta","NA",NA
"Eucalyptus fraxinoides","Eucalyptus fraxinoides","Eucalyptus fraxinoides","Eucalyptus fraxinoides",NA
"Eucalyptus fusiformis","Eucalyptus fusiformis","Eucalyptus fusiformis","Eucalyptus fusiformis",NA
"Eucalyptus gillii","Eucalyptus gillii","Eucalyptus gillii","Eucalyptus gillii",NA
"Eucalyptus glaucescens","Eucalyptus glaucescens","Eucalyptus glaucescens","Eucalyptus glaucescens",NA
"Eucalyptus glaucina","Eucalyptus glaucina","Eucalyptus glaucina","Eucalyptus glaucina",NA
"Eucalyptus globoidea","Eucalyptus globoidea","Eucalyptus globoidea","Eucalyptus globoidea",NA
"Eucalyptus globulus","Eucalyptus globulus","Eucalyptus globulus","NA",NA
"Eucalyptus goniocalyx","Eucalyptus goniocalyx","Eucalyptus goniocalyx","NA",NA
"Eucalyptus goniocalyx subsp. goniocalyx","Eucalyptus goniocalyx subsp. goniocalyx","Eucalyptus goniocalyx subsp. goniocalyx","Eucalyptus goniocalyx subsp. goniocalyx",NA
"Eucalyptus gracilis","Eucalyptus gracilis","Eucalyptus gracilis","Eucalyptus gracilis",NA
"Eucalyptus grandis","Eucalyptus grandis","Eucalyptus grandis","Eucalyptus grandis",NA
"","Eucalyptus grandis x saligna","Eucalyptus grandis x saligna","No match",NA
"Eucalyptus gregsoniana","Eucalyptus gregsoniana","Eucalyptus gregsoniana","Eucalyptus gregsoniana",NA
"Eucalyptus gunnii","Eucalyptus gunnii","Eucalyptus gunnii","Eucalyptus gunnii",NA
"Eucalyptus haemastoma","Eucalyptus haemastoma","Eucalyptus haemastoma","Eucalyptus haemastoma",NA
"","Eucalyptus haemastoma x racemosa","Eucalyptus haemastoma x racemosa","No match",NA
"Eucalyptus hypostomatica","Eucalyptus hypostomatica","Eucalyptus hypostomatica","Eucalyptus hypostomatica",NA
"Eucalyptus ignorabilis","Eucalyptus ignorabilis","Eucalyptus ignorabilis","Eucalyptus ignorabilis",NA
"Eucalyptus imitans","Eucalyptus imitans","Eucalyptus imitans","Eucalyptus imitans",NA
"Eucalyptus interstans","Eucalyptus interstans","Eucalyptus interstans","Eucalyptus interstans",NA
"Eucalyptus intertexta","Eucalyptus intertexta","Eucalyptus intertexta","Eucalyptus intertexta",NA
"Eucalyptus kartzoffiana","Eucalyptus kartzoffiana","Eucalyptus kartzoffiana","Eucalyptus kartzoffiana",NA
"Eucalyptus kybeanensis","Eucalyptus kybeanensis","Eucalyptus kybeanensis","Eucalyptus kybeanensis",NA
"Eucalyptus lacrimans","Eucalyptus lacrimans","Eucalyptus lacrimans","Eucalyptus lacrimans",NA
"Eucalyptus laevopinea","Eucalyptus laevopinea","Eucalyptus laevopinea","Eucalyptus laevopinea",NA
"Eucalyptus langleyi","Eucalyptus langleyi","Eucalyptus langleyi","Eucalyptus langleyi",NA
"Eucalyptus apiculata","Eucalyptus laophila","Eucalyptus laophila","NA",NA
"Eucalyptus largeana","Eucalyptus largeana","Eucalyptus largeana","Eucalyptus largeana",NA
"Eucalyptus largiflorens","Eucalyptus largiflorens","Eucalyptus largiflorens","Eucalyptus largiflorens",NA
"Eucalyptus moorei subsp. moorei","Eucalyptus latiuscula","Eucalyptus latiuscula","Eucalyptus moorei subsp. moorei",NA
"Eucalyptus leptophylla","Eucalyptus leptophylla","Eucalyptus foecunda","Eucalyptus leptophylla",NA
"Eucalyptus leptophylla","Eucalyptus leptophylla","Eucalyptus leptophylla","Eucalyptus leptophylla",NA
"Eucalyptus leucoxylon subsp. pruinosa","Eucalyptus leucoxylon subsp. pruinosa","Eucalyptus leucoxylon","Eucalyptus leucoxylon subsp. pruinosa",NA
"Eucalyptus leucoxylon subsp. pruinosa","Eucalyptus leucoxylon subsp. pruinosa","Eucalyptus leucoxylon subsp. pruinosa","Eucalyptus leucoxylon subsp. pruinosa",NA
"Eucalyptus ligustrina","Eucalyptus ligustrina","Eucalyptus ligustrina","Eucalyptus ligustrina",NA
"Eucalyptus longifolia","Eucalyptus longifolia","Eucalyptus longifolia","Eucalyptus longifolia",NA
"Eucalyptus luehmanniana","Eucalyptus luehmanniana","Eucalyptus luehmanniana","Eucalyptus luehmanniana",NA
"Eucalyptus macarthurii","Eucalyptus macarthurii","Eucalyptus macarthurii","Eucalyptus macarthurii",NA
"Eucalyptus mackintii","Eucalyptus mackintii","Eucalyptus mackintii","Eucalyptus mackintii",NA
"Eucalyptus macrorhyncha","Eucalyptus macrorhyncha","Eucalyptus macrorhyncha","Eucalyptus macrorhyncha subsp. macrorhyncha",NA
"Eucalyptus macrorhyncha","Eucalyptus macrorhyncha","Eucalyptus macrorhyncha subsp. macrorhyncha","Eucalyptus macrorhyncha subsp. macrorhyncha",NA
"Eucalyptus magnificata","Eucalyptus magnificata","Eucalyptus magnificata","Eucalyptus magnificata",NA
"Eucalyptus globulus subsp. maidenii","Eucalyptus maidenii","Eucalyptus globulus subsp. maidenii","Eucalyptus globulus subsp. maidenii",NA
"Eucalyptus globulus subsp. maidenii","Eucalyptus maidenii","Eucalyptus maidenii","Eucalyptus globulus subsp. maidenii",NA
"Eucalyptus major","Eucalyptus major","Eucalyptus major","Eucalyptus major",NA
"Eucalyptus malacoxylon","Eucalyptus malacoxylon","Eucalyptus malacoxylon","Eucalyptus malacoxylon",NA
"Eucalyptus mannifera","Eucalyptus mannifera","Eucalyptus mannifera","NA",NA
"Eucalyptus mannifera subsp. gullickii","Eucalyptus mannifera subsp. gullickii","Eucalyptus mannifera subsp. gullickii","Eucalyptus mannifera subsp. gullickii",NA
"Eucalyptus mannifera subsp. mannifera","Eucalyptus mannifera subsp. mannifera","Eucalyptus mannifera subsp. maculosa","Eucalyptus mannifera subsp. mannifera",NA
"Eucalyptus mannifera subsp. mannifera","Eucalyptus mannifera subsp. mannifera","Eucalyptus mannifera subsp. mannifera","Eucalyptus mannifera subsp. mannifera",NA
"Eucalyptus mckieana","Eucalyptus mckieana","Eucalyptus mckieana","Eucalyptus mckieana",NA
"Eucalyptus melanophloia","Eucalyptus melanophloia","Eucalyptus melanophloia","Eucalyptus melanophloia subsp. melanophloia",NA
"Eucalyptus melliodora","Eucalyptus melliodora","Eucalyptus melliodora","Eucalyptus melliodora",NA
"Eucalyptus michaeliana","Eucalyptus michaeliana","Eucalyptus michaeliana","Eucalyptus michaeliana",NA
"Eucalyptus microcarpa","Eucalyptus microcarpa","Eucalyptus microcarpa","Eucalyptus microcarpa",NA
"","Eucalyptus microcarpa <--> viridis","Eucalyptus microcarpa <--> viridis","No match",NA
"","Eucalyptus microcarpa x pilligaensis","Eucalyptus microcarpa x pilligaensis","No match",NA
"Eucalyptus microcorys","Eucalyptus microcorys","Eucalyptus microcorys","Eucalyptus microcorys",NA
"Eucalyptus moluccana","Eucalyptus moluccana","Eucalyptus moluccana","Eucalyptus moluccana",NA
"Eucalyptus moorei","Eucalyptus moorei","Eucalyptus moorei","NA",NA
"Eucalyptus morrisii","Eucalyptus morrisii","Eucalyptus morrisii","Eucalyptus morrisii",NA
"Eucalyptus muelleriana","Eucalyptus muelleriana","Eucalyptus muelleriana","Eucalyptus muelleriana",NA
"Eucalyptus multicaulis","Eucalyptus multicaulis","Eucalyptus multicaulis","Eucalyptus multicaulis",NA
"Eucalyptus nandewarica","Eucalyptus nandewarica","Eucalyptus nandewarica","Eucalyptus nandewarica",NA
"Eucalyptus nicholii","Eucalyptus nicholii","Eucalyptus nicholii","Eucalyptus nicholii",NA
"Eucalyptus pauciflora subsp. niphophila","Eucalyptus niphophila","Eucalyptus niphophila","Eucalyptus pauciflora subsp. niphophila",NA
"Eucalyptus pauciflora subsp. niphophila","Eucalyptus niphophila","Eucalyptus pauciflora subsp. niphophila","Eucalyptus pauciflora subsp. niphophila",NA
"Eucalyptus nitens","Eucalyptus nitens","Eucalyptus nitens","Eucalyptus nitens",NA
"Eucalyptus nobilis","Eucalyptus nobilis","Eucalyptus nobilis","Eucalyptus nobilis",NA
"","Eucalyptus nobilis <--> viminalis","Eucalyptus nobilis <--> viminalis","No match",NA
"Eucalyptus nortonii","Eucalyptus nortonii","Eucalyptus nortonii","Eucalyptus nortonii",NA
"Eucalyptus notabilis","Eucalyptus notabilis","Eucalyptus notabilis","Eucalyptus notabilis",NA
"Eucalyptus nova-anglica","Eucalyptus nova-anglica","Eucalyptus nova-anglica","Eucalyptus nova-anglica",NA
"Eucalyptus fibrosa subsp. nubilis","Eucalyptus nubila","Eucalyptus fibrosa subsp. nubila","Eucalyptus fibrosa subsp. nubila",NA
"Eucalyptus fibrosa subsp. nubilis","Eucalyptus nubila","Eucalyptus nubila","Eucalyptus fibrosa subsp. nubila",NA
"Eucalyptus obliqua","Eucalyptus obliqua","Eucalyptus obliqua","Eucalyptus obliqua",NA
"Eucalyptus globoidea","Eucalyptus oblonga","Eucalyptus oblonga","NA",NA
"Eucalyptus burgessiana","Eucalyptus obstans","Eucalyptus obstans","Eucalyptus obtusiflora",NA
"Eucalyptus burgessiana","Eucalyptus obstans","Eucalyptus obtusiflora","Eucalyptus obtusiflora",NA
"Eucalyptus ochrophloia","Eucalyptus ochrophloia","Eucalyptus ochrophloia","Eucalyptus ochrophloia",NA
"Eucalyptus oleosa subsp. oleosa","Eucalyptus oleosa subsp. oleosa","Eucalyptus oleosa","Eucalyptus oleosa subsp. oleosa",NA
"Eucalyptus oleosa subsp. oleosa","Eucalyptus oleosa subsp. oleosa","Eucalyptus oleosa subsp. oleosa","Eucalyptus oleosa subsp. oleosa",NA
"Eucalyptus olida","Eucalyptus olida","Eucalyptus olida","Eucalyptus olida",NA
"Eucalyptus olsenii","Eucalyptus olsenii","Eucalyptus olsenii","Eucalyptus olsenii",NA
"Eucalyptus ophitica","Eucalyptus ophitica","Eucalyptus ophitica","Eucalyptus ophitica",NA
"Eucalyptus oreades","Eucalyptus oreades","Eucalyptus oreades","Eucalyptus oreades",NA
"Eucalyptus cypellocarpa","Eucalyptus oresbia","Eucalyptus oresbia","NA",NA
"Eucalyptus ovata","Eucalyptus ovata","Eucalyptus ovata","NA",NA
"Eucalyptus pachycalyx subsp. banyabba","Eucalyptus pachycalyx subsp. banyabba","Eucalyptus pachycalyx","NA",NA
"Eucalyptus pachycalyx subsp. banyabba","Eucalyptus pachycalyx subsp. banyabba","Eucalyptus pachycalyx subsp. banyabba","Eucalyptus pachycalyx subsp. waajensis",NA
"Eucalyptus paliformis","Eucalyptus paliformis","Eucalyptus paliformis","Eucalyptus paliformis",NA
"Eucalyptus panda","Eucalyptus panda","Eucalyptus panda","Eucalyptus panda",NA
"Eucalyptus paniculata","Eucalyptus paniculata","Eucalyptus paniculata","Eucalyptus paniculata",NA
"Eucalyptus paniculata","Eucalyptus paniculata subsp. matutina","Eucalyptus paniculata subsp. matutina","NA",NA
"Eucalyptus paniculata","Eucalyptus paniculata subsp. paniculata","Eucalyptus paniculata subsp. paniculata","NA",NA
"Eucalyptus parramattensis","Eucalyptus parramattensis","Eucalyptus parramattensis","Eucalyptus parramattensis subsp. parramattensis",NA
"Eucalyptus parramattensis subsp. decadens","Eucalyptus parramattensis subsp. decadens","Eucalyptus parramattensis subsp. decadens","Eucalyptus parramattensis subsp. decadens",NA
"Eucalyptus parramattensis subsp. parramattensis","Eucalyptus parramattensis subsp. parramattensis","Eucalyptus parramattensis subsp. parramattensis","Eucalyptus parramattensis subsp. parramattensis",NA
"Eucalyptus parvula","Eucalyptus parvula","Eucalyptus parvifolia","Eucalyptus parvula",NA
"Eucalyptus parvula","Eucalyptus parvula","Eucalyptus parvula","Eucalyptus parvula",NA
"Eucalyptus pauciflora","Eucalyptus pauciflora","Eucalyptus pauciflora","Eucalyptus pauciflora subsp. pauciflora",NA
"Eucalyptus pauciflora","Eucalyptus pauciflora","Eucalyptus pauciflora subsp. pauciflora","Eucalyptus pauciflora subsp. pauciflora",NA
"Eucalyptus perriniana","Eucalyptus perriniana","Eucalyptus perriniana","Eucalyptus perriniana",NA
"Eucalyptus woollsiana","Eucalyptus pilligaensis","Eucalyptus pilligaensis","Eucalyptus woollsiana",NA
"Eucalyptus pilularis","Eucalyptus pilularis","Eucalyptus pilularis","Eucalyptus pilularis",NA
"Eucalyptus piperita","Eucalyptus piperita","Eucalyptus piperita","NA",NA
"Eucalyptus piperita","Eucalyptus piperita","Eucalyptus piperita subsp. piperita","Eucalyptus piperita subsp. piperita",NA
"Eucalyptus piperita","Eucalyptus piperita","Eucalyptus piperita subsp. urceolaris","Eucalyptus piperita subsp. urceolaris",NA
"Eucalyptus placita","Eucalyptus placita","Eucalyptus placita","Eucalyptus placita",NA
"Eucalyptus planchoniana","Eucalyptus planchoniana","Eucalyptus planchoniana","Eucalyptus planchoniana",NA
"Eucalyptus polyanthemos","Eucalyptus polyanthemos","Eucalyptus polyanthemos","NA",NA
"Eucalyptus polyanthemos","Eucalyptus polyanthemos","Eucalyptus polyanthemos subsp. tarda","NA",NA
"Eucalyptus polyanthemos subsp. polyanthemos","Eucalyptus polyanthemos subsp. polyanthemos","Eucalyptus polyanthemos subsp. polyanthemos","Eucalyptus polyanthemos subsp. polyanthemos",NA
"Eucalyptus polyanthemos subsp. vestita","Eucalyptus polyanthemos subsp. vestita","Eucalyptus polyanthemos subsp. vestita","Eucalyptus polyanthemos subsp. vestita",NA
"Eucalyptus polybractea","Eucalyptus polybractea","Eucalyptus polybractea","Eucalyptus polybractea",NA
"Eucalyptus populnea","Eucalyptus populnea subsp. bimbil","Eucalyptus populnea","Eucalyptus populnea",NA
"Eucalyptus populnea","Eucalyptus populnea subsp. bimbil","Eucalyptus populnea subsp. bimbil","Eucalyptus populnea",NA
"Eucalyptus porosa","Eucalyptus porosa","Eucalyptus porosa","Eucalyptus porosa",NA
"Eucalyptus mannifera subsp. praecox","Eucalyptus praecox","Eucalyptus mannifera subsp. praecox","Eucalyptus mannifera subsp. praecox",NA
"Eucalyptus mannifera subsp. praecox","Eucalyptus praecox","Eucalyptus praecox","Eucalyptus mannifera subsp. praecox",NA
"Eucalyptus prava","Eucalyptus prava","Eucalyptus prava","Eucalyptus prava",NA
"Eucalyptus youmanii","Eucalyptus prominula","Eucalyptus prominula","Eucalyptus prominula",NA
"Eucalyptus propinqua","Eucalyptus propinqua","Eucalyptus propinqua","Eucalyptus propinqua",NA
"Eucalyptus psammitica","Eucalyptus psammitica","Eucalyptus psammitica","Eucalyptus psammitica",NA
"Eucalyptus globulus subsp. pseudoglobulus","Eucalyptus pseudoglobulus","Eucalyptus pseudoglobulus","Eucalyptus globulus subsp. pseudoglobulus",NA
"Eucalyptus pulverulenta","Eucalyptus pulverulenta","Eucalyptus pulverulenta","Eucalyptus pulverulenta",NA
"Eucalyptus pumila","Eucalyptus pumila","Eucalyptus pumila","Eucalyptus pumila",NA
"Eucalyptus punctata","Eucalyptus punctata","Eucalyptus punctata","Eucalyptus punctata",NA
"Eucalyptus punctata","Eucalyptus punctata subsp. punctata","Eucalyptus punctata subsp. punctata","NA",NA
"Eucalyptus pyrocarpa","Eucalyptus pyrocarpa","Eucalyptus pyrocarpa","Eucalyptus pyrocarpa",NA
"Eucalyptus quadrangulata","Eucalyptus quadrangulata","Eucalyptus quadrangulata","Eucalyptus quadrangulata",NA
"Eucalyptus quinniorum","Eucalyptus quinniorum","Eucalyptus quinniorum","NA",NA
"Eucalyptus racemosa","Eucalyptus racemosa","Eucalyptus racemosa","Eucalyptus racemosa subsp. racemosa",NA
"Eucalyptus racemosa","Eucalyptus racemosa","Eucalyptus racemosa subsp. racemosa","Eucalyptus racemosa subsp. racemosa",NA
"Eucalyptus radiata","Eucalyptus radiata","Eucalyptus radiata","NA",NA
"Eucalyptus radiata subsp. radiata","Eucalyptus radiata subsp. radiata","Eucalyptus radiata subsp. radiata","Eucalyptus radiata subsp. radiata",NA
"Eucalyptus radiata subsp. sejuncta","Eucalyptus radiata subsp. sejuncta","Eucalyptus radiata subsp. sejuncta","Eucalyptus radiata subsp. sejuncta",NA
"Eucalyptus tenella","Eucalyptus ralla","Eucalyptus ralla","NA",NA
"Eucalyptus recurva","Eucalyptus recurva","Eucalyptus recurva","Eucalyptus recurva",NA
"Eucalyptus resinifera","Eucalyptus resinifera","Eucalyptus resinifera","NA",NA
"Eucalyptus resinifera subsp. hemilampra","Eucalyptus resinifera subsp. hemilampra","Eucalyptus resinifera subsp. hemilampra","Eucalyptus resinifera subsp. hemilampra",NA
"Eucalyptus resinifera subsp. resinifera","Eucalyptus resinifera subsp. resinifera","Eucalyptus resinifera subsp. resinifera","Eucalyptus resinifera subsp. resinifera",NA
"Eucalyptus retinens","Eucalyptus retinens","Eucalyptus retinens","Eucalyptus retinens",NA
"Eucalyptus radiata subsp. robertsonii","Eucalyptus robertsonii","Eucalyptus radiata subsp. robertsonii","Eucalyptus radiata subsp. robertsonii",NA
"Eucalyptus radiata subsp. robertsonii","Eucalyptus robertsonii","Eucalyptus robertsonii","Eucalyptus radiata subsp. robertsonii",NA
"Eucalyptus radiata subsp. robertsonii","Eucalyptus robertsonii subsp. hemisphaerica","Eucalyptus robertsonii subsp. hemisphaerica","NA",NA
"Eucalyptus radiata subsp. robertsonii","Eucalyptus robertsonii subsp. robertsonii","Eucalyptus robertsonii subsp. robertsonii","NA",NA
"Eucalyptus robusta","Eucalyptus robusta","Eucalyptus robusta","Eucalyptus robusta",NA
"","Eucalyptus robusta x saligna","Eucalyptus robusta x saligna","No match",NA
"Eucalyptus rossii","Eucalyptus rossii","Eucalyptus racemosa subsp. rossii","Eucalyptus racemosa subsp. rossii",NA
"Eucalyptus rossii","Eucalyptus rossii","Eucalyptus rossii","Eucalyptus racemosa subsp. rossii",NA
"Eucalyptus rubida","Eucalyptus rubida","Eucalyptus rubida","NA",NA
"Eucalyptus rubida subsp. barbigerorum","Eucalyptus rubida subsp. barbigerorum","Eucalyptus rubida subsp. barbigerorum","Eucalyptus rubida subsp. barbigerorum",NA
"Eucalyptus rubida subsp. rubida","Eucalyptus rubida subsp. rubida","Eucalyptus rubida subsp. rubida","Eucalyptus rubida subsp. rubida",NA
"","Eucalyptus rubida x viminalis","Eucalyptus rubida x viminalis","No match",NA
"Eucalyptus rudderi","Eucalyptus rudderi","Eucalyptus rudderi","Eucalyptus rudderi",NA
"Eucalyptus rummeryi","Eucalyptus rummeryi","Eucalyptus rummeryi","Eucalyptus rummeryi",NA
"Eucalyptus saligna","Eucalyptus saligna","Eucalyptus saligna","Eucalyptus saligna",NA
"Eucalyptus saxatilis","Eucalyptus saxatilis","Eucalyptus saxatilis","Eucalyptus saxatilis",NA
"Eucalyptus bridgesiana","Eucalyptus saxicola","Eucalyptus saxicola","NA",NA
"Eucalyptus scias","Eucalyptus scias","Eucalyptus pellita","Eucalyptus pellita",NA
"Eucalyptus scias","Eucalyptus scias","Eucalyptus scias","Eucalyptus pellita",NA
"Eucalyptus scias subsp. apoda","Eucalyptus scias subsp. apoda","Eucalyptus scias subsp. apoda","Eucalyptus scias subsp. apoda",NA
"Eucalyptus scias subsp. scias","Eucalyptus scias subsp. callimastha","Eucalyptus scias subsp. callimastha","NA",NA
"Eucalyptus scias subsp. scias","Eucalyptus scias subsp. scias","Eucalyptus scias subsp. scias","Eucalyptus scias subsp. scias",NA
"Eucalyptus racemosa","Eucalyptus sclerophylla","Eucalyptus sclerophylla","NA",NA
"Eucalyptus scoparia","Eucalyptus scoparia","Eucalyptus scoparia","Eucalyptus scoparia",NA
"Eucalyptus seeana","Eucalyptus seeana","Eucalyptus seeana","Eucalyptus seeana",NA
"Eucalyptus moorei subsp. serpentinicola","Eucalyptus serpentinicola","Eucalyptus serpentinicola","Eucalyptus moorei subsp. serpentinicola",NA
"Eucalyptus siderophloia","Eucalyptus siderophloia","Eucalyptus siderophloia","Eucalyptus siderophloia",NA
"Eucalyptus sideroxylon","Eucalyptus sideroxylon","Eucalyptus sideroxylon","Eucalyptus sideroxylon",NA
"Eucalyptus sideroxylon","Eucalyptus sideroxylon","Eucalyptus sideroxylon subsp. sideroxylon","Eucalyptus sideroxylon",NA
"","Eucalyptus sideroxylon <--> viridis","Eucalyptus sideroxylon <--> viridis","No match",NA
"Eucalyptus sieberi","Eucalyptus sieberi","Eucalyptus sieberi","Eucalyptus sieberi",NA
"Eucalyptus racemosa","Eucalyptus signata","Eucalyptus signata","NA",NA
"Eucalyptus smithii","Eucalyptus smithii","Eucalyptus smithii","Eucalyptus smithii",NA
"Eucalyptus socialis","Eucalyptus socialis","Eucalyptus socialis","Eucalyptus socialis subsp. socialis",NA
"","Eucalyptus sp. aff. agglomerata","Eucalyptus sp. aff. agglomerata","NA",NA
"","Eucalyptus sp. aff. cameronii (Macleay-Apsley)","Eucalyptus sp. aff. cameronii (Macleay-Apsley)","NA",NA
"","Eucalyptus sp. aff. dwyeri","Eucalyptus sp. aff. dwyeri","NA",NA
"","Eucalyptus sp. aff. fibrosa (Pokolbin)","Eucalyptus sp. aff. fibrosa (Pokolbin)","NA",NA
"","Eucalyptus sp. aff. fibrosa (Yarrawa)","Eucalyptus sp. aff. fibrosa (Yarrawa)","NA",NA
"Eucalyptus mackintii","Eucalyptus sp. aff. macrorhyncha","Eucalyptus sp. aff. macrorhyncha","NA",NA
"Eucalyptus sp. Cattai","Eucalyptus sp. Cattai","Eucalyptus sp. 'Cattai'","NA",NA
"Eucalyptus sparsifolia","Eucalyptus sparsifolia","Eucalyptus sparsifolia","Eucalyptus sparsifolia",NA
"Eucalyptus stricta","Eucalyptus spectatrix","Eucalyptus spectatrix","NA",NA
"Eucalyptus squamosa","Eucalyptus squamosa","Eucalyptus squamosa","Eucalyptus squamosa",NA
"Eucalyptus stellulata","Eucalyptus stellulata","Eucalyptus stellulata","Eucalyptus stellulata",NA
"Eucalyptus stenostoma","Eucalyptus stenostoma","Eucalyptus stenostoma","Eucalyptus stenostoma",NA
"Eucalyptus stricta","Eucalyptus stricta","Eucalyptus stricta","Eucalyptus stricta",NA
"Eucalyptus sturgissiana","Eucalyptus sturgissiana","Eucalyptus sturgissiana","Eucalyptus sturgissiana",NA
"Eucalyptus agglomerata","Eucalyptus subcaerulea","Eucalyptus subcaerula","NA",NA
"Eucalyptus agglomerata","Eucalyptus subcaerulea","Eucalyptus subcaerulea","NA",NA
"Eucalyptus youmanii","Eucalyptus subtilior","Eucalyptus stannicola","NA",NA
"Eucalyptus youmanii","Eucalyptus subtilior","Eucalyptus subtilior","NA",NA
"Eucalyptus tenella","Eucalyptus tenella","Eucalyptus tenella","Eucalyptus tenella",NA
"Eucalyptus tereticornis","Eucalyptus tereticornis","Eucalyptus tereticornis","NA",NA
"Eucalyptus tereticornis subsp. tereticornis","Eucalyptus tereticornis subsp. tereticornis","Eucalyptus tereticornis subsp. tereticornis","Eucalyptus tereticornis subsp. tereticornis",NA
"Eucalyptus tetrapleura","Eucalyptus tetrapleura","Eucalyptus tetrapleura","Eucalyptus tetrapleura",NA
"Eucalyptus tindaliae","Eucalyptus tindaliae","Eucalyptus tindaliae","Eucalyptus tindaliae",NA
"Eucalyptus tricarpa","Eucalyptus tricarpa","Eucalyptus tricarpa","Eucalyptus tricarpa",NA
"Eucalyptus triflora","Eucalyptus triflora","Eucalyptus triflora","Eucalyptus triflora",NA
"Eucalyptus cinerea subsp. triplex","Eucalyptus triplex","Eucalyptus triplex","Eucalyptus cinerea subsp. triplex",NA
"Eucalyptus umbra","Eucalyptus umbra","Eucalyptus umbra","Eucalyptus umbra",NA
"Eucalyptus umbra","Eucalyptus umbra","Eucalyptus umbra subsp. umbra","Eucalyptus umbra",NA
"Eucalyptus vicina","Eucalyptus vicina","Eucalyptus vicina","Eucalyptus vicina",NA
"Eucalyptus viminalis","Eucalyptus viminalis","Eucalyptus viminalis","Eucalyptus viminalis subsp. viminalis",NA
"Eucalyptus viminalis","Eucalyptus viminalis","Eucalyptus viminalis subsp. viminalis","Eucalyptus viminalis subsp. viminalis",NA
"","Eucalyptus viminalis subsp. luxurians","Eucalyptus viminalis subsp. luxurians","NA",NA
"Eucalyptus viridis","Eucalyptus viridis","Eucalyptus viridis","Eucalyptus viridis",NA
"Eucalyptus volcanica","Eucalyptus volcanica","Eucalyptus volcanica","Eucalyptus volcanica",NA
"Eucalyptus wilcoxii","Eucalyptus wilcoxii","Eucalyptus wilcoxii","Eucalyptus wilcoxii",NA
"Eucalyptus williamsiana","Eucalyptus williamsiana","Eucalyptus williamsiana","Eucalyptus williamsiana",NA
"Eucalyptus youmanii","Eucalyptus youmanii","Eucalyptus youmanii","Eucalyptus youmanii",NA
"NA","NA",NA,"NA","Eucalyptus alligatrix subsp. miscella"
"NA","NA",NA,"NA","Eucalyptus camaldulensis subsp. acuta"
"NA","NA",NA,"NA","Eucalyptus camaldulensis subsp. arida"
"NA","NA",NA,"NA","Eucalyptus cephalocarpa"
"NA","NA",NA,"NA","Eucalyptus cinerea subsp. cinerea"
"NA","NA",NA,"NA","Eucalyptus denticulata"
"NA","NA",NA,"NA","Eucalyptus deuaensis"
"NA","NA",NA,"NA","Eucalyptus dura"
"NA","NA",NA,"NA","Eucalyptus imlayensis"
"NA","NA",NA,"NA","Eucalyptus infera"
"NA","NA",NA,"No match","Eucalyptus parramattensis var. sphaerocalyx"
"NA","NA",NA,"NA","Eucalyptus polyanthemos subsp. longior"
"NA","NA",NA,"NA","Eucalyptus scopulorum"
"NA","NA",NA,"NA","Eucalyptus tereticornis subsp. basaltica"
