"","species","matched_assigned","matched_unassigned"
"1","Angophora bakeri subsp. bakeri",NA,"TRUE"
"2","Angophora bakeri subsp. crassifolia",NA,"TRUE"
"3","Angophora costata subsp. costata",NA,"TRUE"
"4","Angophora costata subsp. euryphylla",NA,"TRUE"
"5","Angophora costata subsp. leiocarpa",NA,"TRUE"
"6","Angophora floribunda","TRUE",NA
"7","Angophora hispida","TRUE",NA
"8","Angophora inopina","TRUE",NA
"9","Angophora melanoxylon","TRUE",NA
"10","Angophora robur","TRUE",NA
"11","Angophora subvelutina","TRUE",NA
"12","Angophora woodsiana","TRUE",NA
"13","Corymbia abbreviata",NA,NA
"14","Corymbia abergiana",NA,NA
"15","Corymbia aparrerinja",NA,NA
"16","Corymbia arafurica",NA,NA
"17","Corymbia arenaria",NA,NA
"18","Corymbia arnhemensis",NA,NA
"19","Corymbia aspera",NA,NA
"20","Corymbia aureola",NA,NA
"21","Corymbia bella",NA,NA
"22","Corymbia blakei",NA,NA
"23","Corymbia bleeseri",NA,NA
"24","Corymbia bloxsomei",NA,NA
"25","Corymbia brachycarpa",NA,NA
"26","Corymbia bunites",NA,NA
"27","Corymbia cadophora subsp. cadophora",NA,NA
"28","Corymbia cadophora subsp. pliantha",NA,NA
"29","Corymbia cadophora subsp. polychroma",NA,NA
"30","Corymbia calophylla",NA,NA
"31","Corymbia candida",NA,NA
"32","Corymbia chartacea",NA,NA
"33","Corymbia chippendalei",NA,NA
"34","Corymbia citriodora","TRUE",NA
"35","Corymbia clandestina",NA,NA
"36","Corymbia clarksoniana",NA,NA
"37","Corymbia clavigera",NA,NA
"38","Corymbia cliftoniana",NA,NA
"39","Corymbia collina",NA,NA
"40","Corymbia confertiflora",NA,NA
"41","Corymbia dallachiana",NA,NA
"42","Corymbia dendromerinx",NA,NA
"43","Corymbia deserticola subsp. deserticola",NA,NA
"44","Corymbia deserticola subsp. mesogeotica",NA,NA
"45","Corymbia dichromophloia",NA,NA
"46","Corymbia disjuncta",NA,NA
"47","Corymbia dunlopiana",NA,NA
"48","Corymbia ellipsoidea",NA,NA
"49","Corymbia eremaea",NA,NA
"50","Corymbia erythrophloia",NA,NA
"51","Corymbia eximia","TRUE",NA
"52","Corymbia ferriticola",NA,NA
"53","Corymbia ferruginea subsp. ferruginea",NA,NA
"54","Corymbia ferruginea subsp. stypophylla",NA,NA
"55","Corymbia ficifolia",NA,NA
"56","Corymbia flavescens",NA,NA
"57","Corymbia foelscheana",NA,NA
"58","Corymbia gilbertensis",NA,NA
"59","Corymbia grandifolia subsp. grandifolia",NA,NA
"60","Corymbia grandifolia subsp. lamprocardia",NA,NA
"61","Corymbia grandifolia subsp. longa",NA,NA
"62","Corymbia greeniana",NA,NA
"63","Corymbia gummifera","TRUE",NA
"64","Corymbia haematoxylon",NA,NA
"65","Corymbia hamersleyana",NA,NA
"66","Corymbia hendersonii",NA,NA
"67","Corymbia henryi","TRUE",NA
"68","Corymbia hylandii",NA,NA
"69","Corymbia intermedia","TRUE",NA
"70","Corymbia jacobsiana",NA,NA
"71","Corymbia kombolgiensis",NA,NA
"72","Corymbia lamprophylla",NA,NA
"73","Corymbia latifolia",NA,NA
"74","Corymbia leichhardtii",NA,NA
"75","Corymbia lenziana",NA,NA
"76","Corymbia leptoloma",NA,NA
"77","Corymbia ligans",NA,NA
"78","Corymbia maculata","TRUE",NA
"79","Corymbia nesophila",NA,NA
"80","Corymbia novoguinensis",NA,NA
"81","Corymbia oocarpa",NA,NA
"82","Corymbia pachycarpa",NA,NA
"83","Corymbia papillosa",NA,NA
"84","Corymbia papuana",NA,NA
"85","Corymbia paractia",NA,NA
"86","Corymbia pauciseta",NA,NA
"87","Corymbia peltata",NA,NA
"88","Corymbia petalophylla",NA,NA
"89","Corymbia plena",NA,NA
"90","Corymbia pocillum",NA,NA
"91","Corymbia polycarpa",NA,NA
"92","Corymbia polysciada",NA,NA
"93","Corymbia porrecta",NA,NA
"94","Corymbia ptychocarpa subsp. aptycha",NA,NA
"95","Corymbia ptychocarpa subsp. ptychocarpa",NA,NA
"96","Corymbia rhodops",NA,NA
"97","Corymbia scabrida",NA,NA
"98","Corymbia serendipita",NA,NA
"99","Corymbia setosa",NA,NA
"100","Corymbia sphaerica",NA,NA
"101","Corymbia stockeri subsp. peninsularis",NA,NA
"102","Corymbia stockeri subsp. stockeri",NA,NA
"103","Corymbia terminalis",NA,NA
"104","Corymbia tessellaris","TRUE",NA
"105","Corymbia torelliana","TRUE",NA
"106","Corymbia torta",NA,NA
"107","Corymbia trachyphloia","TRUE",NA
"108","Corymbia umbonata",NA,NA
"109","Corymbia watsoniana subsp. capillata",NA,NA
"110","Corymbia watsoniana subsp. watsoniana",NA,NA
"111","Corymbia xanthope",NA,NA
"112","Corymbia zygophylla",NA,NA
"113","Eucalyptus abdita",NA,NA
"114","Eucalyptus absita",NA,NA
"115","Eucalyptus acaciiformis","TRUE",NA
"116","Eucalyptus accedens",NA,NA
"117","Eucalyptus acies",NA,NA
"118","Eucalyptus acmenoides","TRUE",NA
"119","Eucalyptus acroleuca",NA,NA
"120","Eucalyptus adesmophloia",NA,NA
"121","Eucalyptus aequioperta",NA,NA
"122","Eucalyptus agglomerata","TRUE",NA
"123","Eucalyptus aggregata","TRUE",NA
"124","Eucalyptus alba var. australasica",NA,NA
"125","Eucalyptus albens","TRUE",NA
"126","Eucalyptus albida",NA,NA
"127","Eucalyptus albopurpurea",NA,NA
"128","Eucalyptus alipes",NA,NA
"129","Eucalyptus alligatrix subsp. alligatrix",NA,NA
"130","Eucalyptus alligatrix subsp. limaensis",NA,NA
"131","Eucalyptus alligatrix subsp. miscella",NA,NA
"132","Eucalyptus ammophila",NA,NA
"133","Eucalyptus amplifolia subsp. amplifolia","TRUE",NA
"134","Eucalyptus amplifolia subsp. sessiliflora","TRUE",NA
"135","Eucalyptus amygdalina",NA,NA
"136","Eucalyptus ancophila","TRUE",NA
"137","Eucalyptus andrewsii subsp. andrewsii",NA,"TRUE"
"138","Eucalyptus andrewsii subsp. campanulata",NA,"TRUE"
"139","Eucalyptus angophoroides","TRUE",NA
"140","Eucalyptus angularis",NA,NA
"141","Eucalyptus angulosa",NA,NA
"142","Eucalyptus angustissima",NA,NA
"143","Eucalyptus annettae",NA,NA
"144","Eucalyptus annulata",NA,NA
"145","Eucalyptus annuliformis",NA,NA
"146","Eucalyptus apiculata","TRUE",NA
"147","Eucalyptus apodophylla",NA,NA
"148","Eucalyptus apothalassica","TRUE",NA
"149","Eucalyptus approximans subsp. approximans",NA,NA
"150","Eucalyptus approximans subsp. codonocarpa",NA,NA
"151","Eucalyptus aquilina",NA,NA
"152","Eucalyptus arachnaea subsp. arachnaea",NA,NA
"153","Eucalyptus arachnaea subsp. arrecta",NA,NA
"154","Eucalyptus arborella",NA,NA
"155","Eucalyptus archeri",NA,NA
"156","Eucalyptus arenacea",NA,NA
"157","Eucalyptus arenicola",NA,NA
"158","Eucalyptus argillacea",NA,NA
"159","Eucalyptus argophloia",NA,NA
"160","Eucalyptus argutifolia",NA,NA
"161","Eucalyptus aridimontana",NA,NA
"162","Eucalyptus armillata",NA,NA
"163","Eucalyptus aromaphloia subsp. aromaphloia",NA,NA
"164","Eucalyptus aromaphloia subsp. sabulosa",NA,NA
"165","Eucalyptus articulata",NA,NA
"166","Eucalyptus aspersa",NA,NA
"167","Eucalyptus aspratilis",NA,NA
"168","Eucalyptus astringens subsp. astringens",NA,NA
"169","Eucalyptus astringens subsp. redacta",NA,NA
"170","Eucalyptus atrata",NA,NA
"171","Eucalyptus aurifodina",NA,NA
"172","Eucalyptus badjensis","TRUE",NA
"173","Eucalyptus baeuerlenii","TRUE",NA
"174","Eucalyptus baileyana","TRUE",NA
"175","Eucalyptus baiophylla",NA,NA
"176","Eucalyptus bakeri","TRUE",NA
"177","Eucalyptus balladoniensis subsp. balladoniensis",NA,NA
"178","Eucalyptus balladoniensis subsp. sedens",NA,NA
"179","Eucalyptus bancroftii","TRUE",NA
"180","Eucalyptus banksii","TRUE",NA
"181","Eucalyptus barberi",NA,NA
"182","Eucalyptus baudiniana",NA,NA
"183","Eucalyptus baueriana","TRUE",NA
"184","Eucalyptus baxteri","TRUE",NA
"185","Eucalyptus beaniana",NA,NA
"186","Eucalyptus beardiana",NA,NA
"187","Eucalyptus behriana","TRUE",NA
"188","Eucalyptus bensonii","TRUE",NA
"189","Eucalyptus benthamii","TRUE",NA
"190","Eucalyptus beyeri","TRUE",NA
"191","Eucalyptus bigalerita",NA,NA
"192","Eucalyptus blakelyi","TRUE",NA
"193","Eucalyptus blaxellii",NA,NA
"194","Eucalyptus blaxlandii","TRUE",NA
"195","Eucalyptus boliviana","TRUE",NA
"196","Eucalyptus bosistoana","TRUE",NA
"197","Eucalyptus botryoides","TRUE",NA
"198","Eucalyptus brachyandra",NA,NA
"199","Eucalyptus brachycalyx",NA,NA
"200","Eucalyptus brachyphylla",NA,NA
"201","Eucalyptus brandiana",NA,NA
"202","Eucalyptus brassiana",NA,NA
"203","Eucalyptus brevifolia",NA,NA
"204","Eucalyptus brevipes",NA,NA
"205","Eucalyptus brevistylis",NA,NA
"206","Eucalyptus bridgesiana","TRUE",NA
"207","Eucalyptus brockwayi",NA,NA
"208","Eucalyptus brookeriana",NA,NA
"209","Eucalyptus broviniensis",NA,NA
"210","Eucalyptus brownii",NA,NA
"211","Eucalyptus buprestium",NA,NA
"212","Eucalyptus burdettiana",NA,NA
"213","Eucalyptus burgessiana","TRUE",NA
"214","Eucalyptus burracoppinensis",NA,NA
"215","Eucalyptus cadens",NA,NA
"216","Eucalyptus caesia subsp. caesia",NA,NA
"217","Eucalyptus caesia subsp. magna",NA,NA
"218","Eucalyptus calcareana",NA,NA
"219","Eucalyptus calcicola subsp. calcicola",NA,NA
"220","Eucalyptus calcicola subsp. unita",NA,NA
"221","Eucalyptus caleyi subsp. caleyi","TRUE",NA
"222","Eucalyptus caleyi subsp. ovendenii","TRUE",NA
"223","Eucalyptus caliginosa","TRUE",NA
"224","Eucalyptus calycogona subsp. calycogona",NA,NA
"225","Eucalyptus calycogona subsp. miraculum",NA,NA
"226","Eucalyptus calycogona subsp. spaffordii",NA,NA
"227","Eucalyptus calycogona subsp. trachybasis",NA,NA
"228","Eucalyptus calyerup",NA,NA
"229","Eucalyptus camaldulensis subsp. acuta",NA,NA
"230","Eucalyptus camaldulensis subsp. arida",NA,NA
"231","Eucalyptus camaldulensis subsp. camaldulensis",NA,"TRUE"
"232","Eucalyptus camaldulensis subsp. minima",NA,NA
"233","Eucalyptus camaldulensis subsp. obtusa",NA,NA
"234","Eucalyptus camaldulensis subsp. refulgens",NA,NA
"235","Eucalyptus camaldulensis subsp. simulata",NA,NA
"236","Eucalyptus cambageana",NA,NA
"237","Eucalyptus cameronii","TRUE",NA
"238","Eucalyptus camfieldii","TRUE",NA
"239","Eucalyptus campaspe",NA,NA
"240","Eucalyptus camphora subsp. camphora","TRUE",NA
"241","Eucalyptus camphora subsp. humeana","TRUE",NA
"242","Eucalyptus canaliculata","TRUE",NA
"243","Eucalyptus canescens subsp. beadellii",NA,NA
"244","Eucalyptus canescens subsp. canescens",NA,NA
"245","Eucalyptus canobolensis","TRUE",NA
"246","Eucalyptus capillosa subsp. capillosa",NA,NA
"247","Eucalyptus capillosa subsp. polyclada",NA,NA
"248","Eucalyptus capitellata","TRUE",NA
"249","Eucalyptus captiosa",NA,NA
"250","Eucalyptus carnabyi",NA,NA
"251","Eucalyptus carnea","TRUE",NA
"252","Eucalyptus carnei",NA,NA
"253","Eucalyptus celastroides subsp. celastroides",NA,NA
"254","Eucalyptus celastroides subsp. virella",NA,NA
"255","Eucalyptus cephalocarpa",NA,NA
"256","Eucalyptus ceracea",NA,NA
"257","Eucalyptus cerasiformis",NA,NA
"258","Eucalyptus ceratocorys",NA,NA
"259","Eucalyptus cernua",NA,NA
"260","Eucalyptus chapmaniana","TRUE",NA
"261","Eucalyptus chartaboma",NA,NA
"262","Eucalyptus chloroclada","TRUE",NA
"263","Eucalyptus chlorophylla",NA,NA
"264","Eucalyptus cinerea subsp. cinerea",NA,NA
"265","Eucalyptus cinerea subsp. triplex",NA,NA
"266","Eucalyptus cladocalyx","TRUE",NA
"267","Eucalyptus clelandii",NA,NA
"268","Eucalyptus clivicola",NA,NA
"269","Eucalyptus cloeziana",NA,NA
"270","Eucalyptus cneorifolia",NA,NA
"271","Eucalyptus coccifera",NA,NA
"272","Eucalyptus comitae-vallis",NA,NA
"273","Eucalyptus concinna",NA,NA
"274","Eucalyptus conferruminata subsp. conferruminata",NA,NA
"275","Eucalyptus conferruminata subsp. recherche",NA,NA
"276","Eucalyptus confluens",NA,NA
"277","Eucalyptus conglobata subsp. conglobata",NA,NA
"278","Eucalyptus conglobata subsp. perata",NA,NA
"279","Eucalyptus conglomerata",NA,NA
"280","Eucalyptus conica","TRUE",NA
"281","Eucalyptus consideniana","TRUE",NA
"282","Eucalyptus conspicua subsp. conspicua",NA,NA
"283","Eucalyptus conspicua subsp. dispar",NA,NA
"284","Eucalyptus conveniens",NA,NA
"285","Eucalyptus coolabah","TRUE",NA
"286","Eucalyptus cooperiana",NA,NA
"287","Eucalyptus cordata subsp. cordata",NA,NA
"288","Eucalyptus cordata subsp. quadrangulosa",NA,NA
"289","Eucalyptus cornuta",NA,NA
"290","Eucalyptus coronata",NA,NA
"291","Eucalyptus corrugata",NA,NA
"292","Eucalyptus corticosa","TRUE",NA
"293","Eucalyptus corynodes",NA,NA
"294","Eucalyptus cosmophylla",NA,NA
"295","Eucalyptus crebra","TRUE",NA
"296","Eucalyptus crenulata","TRUE",NA
"297","Eucalyptus creta",NA,NA
"298","Eucalyptus cretata",NA,NA
"299","Eucalyptus crispata",NA,NA
"300","Eucalyptus croajingolensis","TRUE",NA
"301","Eucalyptus crucis subsp. crucis",NA,NA
"302","Eucalyptus crucis subsp. lanceolata",NA,NA
"303","Eucalyptus crucis subsp. praecipua",NA,NA
"304","Eucalyptus cullenii",NA,NA
"305","Eucalyptus cunninghamii","TRUE",NA
"306","Eucalyptus cuprea",NA,NA
"307","Eucalyptus cupularis",NA,NA
"308","Eucalyptus curtisii",NA,NA
"309","Eucalyptus cyanophylla","TRUE",NA
"310","Eucalyptus cyclostoma",NA,NA
"311","Eucalyptus cylindriflora",NA,NA
"312","Eucalyptus cylindrocarpa",NA,NA
"313","Eucalyptus cypellocarpa","TRUE",NA
"314","Eucalyptus dalrympleana subsp. dalrympleana","TRUE",NA
"315","Eucalyptus dalrympleana subsp. heptantha","TRUE",NA
"316","Eucalyptus dawsonii","TRUE",NA
"317","Eucalyptus dealbata","TRUE",NA
"318","Eucalyptus deanei","TRUE",NA
"319","Eucalyptus decipiens",NA,NA
"320","Eucalyptus decolor",NA,NA
"321","Eucalyptus decorticans",NA,NA
"322","Eucalyptus decurva",NA,NA
"323","Eucalyptus deflexa",NA,NA
"324","Eucalyptus delegatensis subsp. delegatensis","TRUE",NA
"325","Eucalyptus delegatensis subsp. tasmaniensis",NA,NA
"326","Eucalyptus delicata",NA,NA
"327","Eucalyptus dendromorpha","TRUE",NA
"328","Eucalyptus densa subsp. densa",NA,NA
"329","Eucalyptus densa subsp. improcera",NA,NA
"330","Eucalyptus denticulata",NA,NA
"331","Eucalyptus depauperata",NA,NA
"332","Eucalyptus desmondensis",NA,NA
"333","Eucalyptus deuaensis",NA,NA
"334","Eucalyptus dielsii",NA,NA
"335","Eucalyptus diminuta",NA,NA
"336","Eucalyptus diptera",NA,NA
"337","Eucalyptus discreta",NA,NA
"338","Eucalyptus dissimulata",NA,NA
"339","Eucalyptus distans",NA,NA
"340","Eucalyptus distuberosa subsp. aerata",NA,NA
"341","Eucalyptus distuberosa subsp. distuberosa",NA,NA
"342","Eucalyptus diversicolor",NA,NA
"343","Eucalyptus diversifolia subsp. diversifolia",NA,NA
"344","Eucalyptus diversifolia subsp. hesperia",NA,NA
"345","Eucalyptus dives","TRUE",NA
"346","Eucalyptus dolichocera",NA,NA
"347","Eucalyptus dolichorhyncha",NA,NA
"348","Eucalyptus dolorosa",NA,NA
"349","Eucalyptus doratoxylon",NA,NA
"350","Eucalyptus dorrienii",NA,NA
"351","Eucalyptus dorrigoensis","TRUE",NA
"352","Eucalyptus drummondii",NA,NA
"353","Eucalyptus dumosa","TRUE",NA
"354","Eucalyptus dundasii",NA,NA
"355","Eucalyptus dunnii","TRUE",NA
"356","Eucalyptus dura",NA,NA
"357","Eucalyptus dwyeri","TRUE",NA
"358","Eucalyptus ebbanoensis subsp. ebbanoensis",NA,NA
"359","Eucalyptus ebbanoensis subsp. photina",NA,NA
"360","Eucalyptus ecostata",NA,NA
"361","Eucalyptus educta",NA,NA
"362","Eucalyptus effusa",NA,NA
"363","Eucalyptus elaeophloia",NA,NA
"364","Eucalyptus elata","TRUE",NA
"365","Eucalyptus elliptica","TRUE",NA
"366","Eucalyptus erectifolia",NA,NA
"367","Eucalyptus eremicola subsp. eremicola",NA,NA
"368","Eucalyptus eremicola subsp. peeneri",NA,NA
"369","Eucalyptus eremophila",NA,NA
"370","Eucalyptus erosa",NA,NA
"371","Eucalyptus erythrandra",NA,NA
"372","Eucalyptus erythrocorys",NA,NA
"373","Eucalyptus erythronema subsp. erythronema",NA,NA
"374","Eucalyptus erythronema subsp. inornata",NA,NA
"375","Eucalyptus eudesmioides subsp. eudesmioides",NA,NA
"376","Eucalyptus eudesmioides subsp. Pallida",NA,NA
"377","Eucalyptus eugenioides","TRUE",NA
"378","Eucalyptus ewartiana",NA,NA
"379","Eucalyptus exigua",NA,NA
"380","Eucalyptus exilipes",NA,NA
"381","Eucalyptus exilis",NA,NA
"382","Eucalyptus expressa","TRUE",NA
"383","Eucalyptus exserta","TRUE",NA
"384","Eucalyptus extensa",NA,NA
"385","Eucalyptus extrica",NA,NA
"386","Eucalyptus falcata",NA,NA
"387","Eucalyptus famelica",NA,NA
"388","Eucalyptus farinosa",NA,NA
"389","Eucalyptus fasciculosa",NA,NA
"390","Eucalyptus fastigata","TRUE",NA
"391","Eucalyptus fibrosa subsp. fibrosa",NA,"TRUE"
"392","Eucalyptus fibrosa subsp. nubila",NA,"TRUE"
"393","Eucalyptus flavida",NA,NA
"394","Eucalyptus flindersii",NA,NA
"395","Eucalyptus flocktoniae subsp. flocktoniae",NA,NA
"396","Eucalyptus flocktoniae subsp. hebes",NA,NA
"397","Eucalyptus foecunda",NA,"TRUE"
"398","Eucalyptus foliosa",NA,NA
"399","Eucalyptus formanii",NA,NA
"400","Eucalyptus forrestiana",NA,NA
"401","Eucalyptus fraseri subsp. fraseri",NA,NA
"402","Eucalyptus fraseri subsp. melanobasis",NA,NA
"403","Eucalyptus fraxinoides","TRUE",NA
"404","Eucalyptus frenchiana",NA,NA
"405","Eucalyptus froggattii",NA,NA
"406","Eucalyptus fruticosa",NA,NA
"407","Eucalyptus fulgens",NA,NA
"408","Eucalyptus fusiformis","TRUE",NA
"409","Eucalyptus gamophylla",NA,NA
"410","Eucalyptus gardneri subsp. gardneri",NA,NA
"411","Eucalyptus gardneri subsp. ravensthorpensis",NA,NA
"412","Eucalyptus georgei subsp. fulgida",NA,NA
"413","Eucalyptus georgei subsp. georgei",NA,NA
"414","Eucalyptus gigantangion",NA,NA
"415","Eucalyptus gillenii",NA,NA
"416","Eucalyptus gillii","TRUE",NA
"417","Eucalyptus gittinsii subsp. gittinsii",NA,NA
"418","Eucalyptus gittinsii subsp. illucida",NA,NA
"419","Eucalyptus glaucescens","TRUE",NA
"420","Eucalyptus glaucina","TRUE",NA
"421","Eucalyptus globoidea","TRUE",NA
"422","Eucalyptus globulus subsp. bicostata",NA,"TRUE"
"423","Eucalyptus globulus subsp. globulus",NA,NA
"424","Eucalyptus globulus subsp. maidenii",NA,"TRUE"
"425","Eucalyptus globulus subsp. pseudoglobulus",NA,NA
"426","Eucalyptus glomericassis",NA,NA
"427","Eucalyptus glomerosa",NA,NA
"428","Eucalyptus gomphocephala",NA,NA
"429","Eucalyptus gongylocarpa",NA,NA
"430","Eucalyptus goniantha subsp. goniantha",NA,NA
"431","Eucalyptus goniantha subsp. kynoura",NA,NA
"432","Eucalyptus goniocalyx subsp. exposa",NA,NA
"433","Eucalyptus goniocalyx subsp. goniocalyx","TRUE",NA
"434","Eucalyptus goniocalyx subsp. viridissima",NA,NA
"435","Eucalyptus goniocarpa",NA,NA
"436","Eucalyptus gracilis","TRUE",NA
"437","Eucalyptus grandis","TRUE",NA
"438","Eucalyptus granitica",NA,NA
"439","Eucalyptus gregoriensis",NA,NA
"440","Eucalyptus gregsoniana","TRUE",NA
"441","Eucalyptus griffithsii",NA,NA
"442","Eucalyptus grisea",NA,NA
"443","Eucalyptus grossa",NA,NA
"444","Eucalyptus guilfoylei",NA,NA
"445","Eucalyptus gunnii","TRUE",NA
"446","Eucalyptus gypsophila",NA,NA
"447","Eucalyptus haemastoma","TRUE",NA
"448","Eucalyptus hallii",NA,NA
"449","Eucalyptus halophila",NA,NA
"450","Eucalyptus hebetifolia",NA,NA
"451","Eucalyptus helidonica",NA,NA
"452","Eucalyptus herbertiana",NA,NA
"453","Eucalyptus histophylla",NA,NA
"454","Eucalyptus horistes",NA,NA
"455","Eucalyptus houseana",NA,NA
"456","Eucalyptus howittiana",NA,NA
"457","Eucalyptus hypolaena",NA,NA
"458","Eucalyptus hypostomatica","TRUE",NA
"459","Eucalyptus ignorabilis","TRUE",NA
"460","Eucalyptus imitans","TRUE",NA
"461","Eucalyptus imlayensis",NA,NA
"462","Eucalyptus impensa",NA,NA
"463","Eucalyptus incerata",NA,NA
"464","Eucalyptus incrassata",NA,"TRUE"
"465","Eucalyptus indurata",NA,NA
"466","Eucalyptus infera",NA,NA
"467","Eucalyptus insularis",NA,NA
"468","Eucalyptus interstans","TRUE",NA
"469","Eucalyptus intertexta","TRUE",NA
"470","Eucalyptus jacksonii",NA,NA
"471","Eucalyptus jensenii",NA,NA
"472","Eucalyptus johnsoniana",NA,NA
"473","Eucalyptus johnstonii",NA,NA
"474","Eucalyptus jucunda",NA,NA
"475","Eucalyptus jutsonii subsp. jutsonii",NA,NA
"476","Eucalyptus jutsonii subsp. kobela",NA,NA
"477","Eucalyptus kabiana",NA,NA
"478","Eucalyptus kartzoffiana","TRUE",NA
"479","Eucalyptus kenneallyi",NA,NA
"480","Eucalyptus kessellii subsp. eugnosta",NA,NA
"481","Eucalyptus kessellii subsp. kessellii",NA,NA
"482","Eucalyptus kingsmillii subsp. alatissima",NA,NA
"483","Eucalyptus kingsmillii subsp. kingsmillii",NA,NA
"484","Eucalyptus kitsoniana",NA,NA
"485","Eucalyptus kochii subsp. amaryssia",NA,NA
"486","Eucalyptus kochii subsp. borealis",NA,NA
"487","Eucalyptus kochii subsp. kochii",NA,NA
"488","Eucalyptus kochii subsp. plenissima",NA,NA
"489","Eucalyptus kochii subsp. yellowdinensis",NA,NA
"490","Eucalyptus kondininensis",NA,NA
"491","Eucalyptus kondininensis subsp. tuberosa",NA,NA
"492","Eucalyptus koolpinensis",NA,NA
"493","Eucalyptus kruseana",NA,NA
"494","Eucalyptus kumarlensis",NA,NA
"495","Eucalyptus kybeanensis","TRUE",NA
"496","Eucalyptus lacrimans","TRUE",NA
"497","Eucalyptus laeliae",NA,NA
"498","Eucalyptus laevis",NA,NA
"499","Eucalyptus laevopinea","TRUE",NA
"500","Eucalyptus lane-poolei",NA,NA
"501","Eucalyptus langleyi","TRUE",NA
"502","Eucalyptus lansdowneana",NA,NA
"503","Eucalyptus largeana","TRUE",NA
"504","Eucalyptus largiflorens","TRUE",NA
"505","Eucalyptus latens",NA,NA
"506","Eucalyptus lateritica",NA,NA
"507","Eucalyptus latisinensis",NA,NA
"508","Eucalyptus lehmanii subsp. parallela",NA,NA
"509","Eucalyptus lehmannii subsp. lehmannii",NA,NA
"510","Eucalyptus leprophloia",NA,NA
"511","Eucalyptus leptocalyx",NA,NA
"512","Eucalyptus leptophleba",NA,NA
"513","Eucalyptus leptophylla","TRUE",NA
"514","Eucalyptus leptopoda subsp. arctata",NA,NA
"515","Eucalyptus leptopoda subsp. elevata",NA,NA
"516","Eucalyptus leptopoda subsp. leptopoda",NA,NA
"517","Eucalyptus leptopoda subsp. subluta",NA,NA
"518","Eucalyptus lesouefii",NA,NA
"519","Eucalyptus leucophloia subsp. euroa",NA,NA
"520","Eucalyptus leucophloia subsp. leucophloia",NA,NA
"521","Eucalyptus leucophylla",NA,NA
"522","Eucalyptus leucoxylon subsp. leucoxylon",NA,NA
"523","Eucalyptus leucoxylon subsp. megalocarpa",NA,NA
"524","Eucalyptus leucoxylon subsp. pruinosa","TRUE",NA
"525","Eucalyptus leucoxylon subsp. stephaniae",NA,NA
"526","Eucalyptus ligulata subsp. ligulata",NA,NA
"527","Eucalyptus ligulata subsp. stirlingica",NA,NA
"528","Eucalyptus ligustrina","TRUE",NA
"529","Eucalyptus limitaris",NA,NA
"530","Eucalyptus lirata",NA,NA
"531","Eucalyptus litoralis",NA,NA
"532","Eucalyptus litorea",NA,NA
"533","Eucalyptus livida",NA,NA
"534","Eucalyptus lockyeri subsp. exuta",NA,NA
"535","Eucalyptus lockyeri subsp. lockyeri",NA,NA
"536","Eucalyptus longicornis",NA,NA
"537","Eucalyptus longifolia","TRUE",NA
"538","Eucalyptus longirostrata",NA,NA
"539","Eucalyptus longissima",NA,NA
"540","Eucalyptus loxophleba subsp. gratiae",NA,NA
"541","Eucalyptus loxophleba subsp. lissophloia",NA,NA
"542","Eucalyptus loxophleba subsp. loxophleba",NA,NA
"543","Eucalyptus loxophleba subsp. supralaevis",NA,NA
"544","Eucalyptus lucasii",NA,NA
"545","Eucalyptus lucens",NA,NA
"546","Eucalyptus luculenta",NA,NA
"547","Eucalyptus luehmanniana","TRUE",NA
"548","Eucalyptus luteola",NA,NA
"549","Eucalyptus macarthurii","TRUE",NA
"550","Eucalyptus mackintii","TRUE",NA
"551","Eucalyptus macrandra",NA,NA
"552","Eucalyptus macrocarpa subsp. elachantha",NA,NA
"553","Eucalyptus macrocarpa subsp. macrocarpa",NA,NA
"554","Eucalyptus macrorhyncha subsp. cannonii",NA,"TRUE"
"555","Eucalyptus macrorhyncha subsp. macrorhyncha",NA,"TRUE"
"556","Eucalyptus magnificata","TRUE",NA
"557","Eucalyptus major","TRUE",NA
"558","Eucalyptus malacoxylon","TRUE",NA
"559","Eucalyptus mannensis subsp. mannensis",NA,NA
"560","Eucalyptus mannensis subsp. vespertina",NA,NA
"561","Eucalyptus mannifera subsp. gullickii","TRUE",NA
"562","Eucalyptus mannifera subsp. mannifera","TRUE",NA
"563","Eucalyptus mannifera subsp. praecox",NA,"TRUE"
"564","Eucalyptus marginata subsp. elegantella",NA,NA
"565","Eucalyptus marginata subsp. marginata",NA,NA
"566","Eucalyptus marginata subsp. thalassica",NA,NA
"567","Eucalyptus mckieana","TRUE",NA
"568","Eucalyptus mcquoidii",NA,NA
"569","Eucalyptus medialis",NA,NA
"570","Eucalyptus mediocris",NA,NA
"571","Eucalyptus megacarpa",NA,NA
"572","Eucalyptus megacornuta",NA,NA
"573","Eucalyptus megasepala",NA,NA
"574","Eucalyptus melanoleuca",NA,NA
"575","Eucalyptus melanophitra",NA,NA
"576","Eucalyptus melanophloia subsp. melanophloia",NA,NA
"577","Eucalyptus melanophloia subsp. nana",NA,NA
"578","Eucalyptus melanoxylon",NA,NA
"579","Eucalyptus melliodora","TRUE",NA
"580","Eucalyptus merrickiae",NA,NA
"581","Eucalyptus michaeliana","TRUE",NA
"582","Eucalyptus micranthera",NA,NA
"583","Eucalyptus microcarpa","TRUE",NA
"584","Eucalyptus microcorys","TRUE",NA
"585","Eucalyptus microneura",NA,NA
"586","Eucalyptus microschema",NA,NA
"587","Eucalyptus microtheca",NA,"TRUE"
"588","Eucalyptus mimica subsp. continens",NA,NA
"589","Eucalyptus mimica subsp. mimica",NA,NA
"590","Eucalyptus miniata",NA,NA
"591","Eucalyptus misella",NA,NA
"592","Eucalyptus mitchelliana",NA,NA
"593","Eucalyptus moderata",NA,NA
"594","Eucalyptus moluccana","TRUE",NA
"595","Eucalyptus mooreana",NA,NA
"596","Eucalyptus moorei subsp. moorei",NA,NA
"597","Eucalyptus moorei subsp. serpentinicola",NA,NA
"598","Eucalyptus morrisbyi",NA,NA
"599","Eucalyptus morrisii","TRUE",NA
"600","Eucalyptus muelleriana","TRUE",NA
"601","Eucalyptus multicaulis","TRUE",NA
"602","Eucalyptus myriadena",NA,NA
"603","Eucalyptus nandewarica","TRUE",NA
"604","Eucalyptus nebulosa",NA,NA
"605","Eucalyptus neglecta",NA,NA
"606","Eucalyptus neutra",NA,NA
"607","Eucalyptus newbeyi",NA,NA
"608","Eucalyptus nicholii","TRUE",NA
"609","Eucalyptus nigrifunda",NA,NA
"610","Eucalyptus nitens","TRUE",NA
"611","Eucalyptus nitida",NA,NA
"612","Eucalyptus nobilis","TRUE",NA
"613","Eucalyptus normantonensis",NA,NA
"614","Eucalyptus nortonii","TRUE",NA
"615","Eucalyptus notabilis","TRUE",NA
"616","Eucalyptus notactites",NA,NA
"617","Eucalyptus nova-anglica","TRUE",NA
"618","Eucalyptus nudicaulis",NA,NA
"619","Eucalyptus nutans",NA,NA
"620","Eucalyptus obconica",NA,NA
"621","Eucalyptus obesa",NA,NA
"622","Eucalyptus obliqua","TRUE",NA
"623","Eucalyptus obtusiflora",NA,"TRUE"
"624","Eucalyptus occidentalis",NA,NA
"625","Eucalyptus ochrophloia","TRUE",NA
"626","Eucalyptus odontocarpa",NA,NA
"627","Eucalyptus odorata",NA,NA
"628","Eucalyptus oldfieldii",NA,NA
"629","Eucalyptus oleosa subsp. corvina",NA,NA
"630","Eucalyptus oleosa subsp. cylindroidea",NA,NA
"631","Eucalyptus oleosa subsp. oleosa","TRUE",NA
"632","Eucalyptus olida","TRUE",NA
"633","Eucalyptus oligantha",NA,NA
"634","Eucalyptus olivina",NA,NA
"635","Eucalyptus olsenii","TRUE",NA
"636","Eucalyptus ophitica","TRUE",NA
"637","Eucalyptus opimiflora",NA,NA
"638","Eucalyptus optima",NA,NA
"639","Eucalyptus oraria",NA,NA
"640","Eucalyptus orbifolia",NA,NA
"641","Eucalyptus ordiana",NA,NA
"642","Eucalyptus oreades","TRUE",NA
"643","Eucalyptus orgadophila",NA,NA
"644","Eucalyptus ornata",NA,NA
"645","Eucalyptus orthostemon",NA,NA
"646","Eucalyptus ovata var. grandiflora",NA,NA
"647","Eucalyptus ovata var. ovata",NA,NA
"648","Eucalyptus ovularis",NA,NA
"649","Eucalyptus oxymitra",NA,NA
"650","Eucalyptus pachycalyx subsp. pachycalyx",NA,NA
"651","Eucalyptus pachycalyx subsp. waajensis",NA,NA
"652","Eucalyptus pachyloma",NA,NA
"653","Eucalyptus pachyphylla",NA,NA
"654","Eucalyptus paedoglauca",NA,NA
"655","Eucalyptus paliformis","TRUE",NA
"656","Eucalyptus paludicola",NA,NA
"657","Eucalyptus panda","TRUE",NA
"658","Eucalyptus paniculata","TRUE",NA
"659","Eucalyptus pantoleuca",NA,NA
"660","Eucalyptus parramattensis subsp. decadens","TRUE",NA
"661","Eucalyptus parramattensis subsp. parramattensis","TRUE",NA
"662","Eucalyptus parramattensis var. sphaerocalyx",NA,NA
"663","Eucalyptus parvula","TRUE",NA
"664","Eucalyptus patellaris",NA,NA
"665","Eucalyptus patens",NA,NA
"666","Eucalyptus pauciflora subsp. acerina",NA,NA
"667","Eucalyptus pauciflora subsp. debeuzevillei",NA,"TRUE"
"668","Eucalyptus pauciflora subsp. hedraia",NA,NA
"669","Eucalyptus pauciflora subsp. niphophila",NA,"TRUE"
"670","Eucalyptus pauciflora subsp. pauciflora",NA,"TRUE"
"671","Eucalyptus pellita",NA,"TRUE"
"672","Eucalyptus pendens",NA,NA
"673","Eucalyptus peninsularis",NA,NA
"674","Eucalyptus perangusta",NA,NA
"675","Eucalyptus percostata",NA,NA
"676","Eucalyptus perriniana","TRUE",NA
"677","Eucalyptus persistens subsp. persistens",NA,NA
"678","Eucalyptus persistens subsp. tardecidens",NA,NA
"679","Eucalyptus petiolaris",NA,NA
"680","Eucalyptus petraea",NA,NA
"681","Eucalyptus petrensis",NA,NA
"682","Eucalyptus phaenophylla subsp. interjacens",NA,NA
"683","Eucalyptus phaenophylla subsp. phaenophylla",NA,NA
"684","Eucalyptus phenax subsp. compressa",NA,NA
"685","Eucalyptus phenax subsp. phenax",NA,NA
"686","Eucalyptus phoenicea",NA,NA
"687","Eucalyptus pilbarensis",NA,NA
"688","Eucalyptus pileata",NA,NA
"689","Eucalyptus pilularis","TRUE",NA
"690","Eucalyptus pimpiniana",NA,NA
"691","Eucalyptus piperita subsp. piperita",NA,"TRUE"
"692","Eucalyptus piperita subsp. urceolaris",NA,"TRUE"
"693","Eucalyptus placita","TRUE",NA
"694","Eucalyptus planchoniana","TRUE",NA
"695","Eucalyptus platycorys",NA,NA
"696","Eucalyptus platydisca",NA,NA
"697","Eucalyptus platyphylla",NA,NA
"698","Eucalyptus platypus subsp. congregata",NA,NA
"699","Eucalyptus platypus subsp. platypus",NA,NA
"700","Eucalyptus pleurocarpa",NA,NA
"701","Eucalyptus pluricaulis subsp. pluricaulis",NA,NA
"702","Eucalyptus pluricaulis subsp. porphyrea",NA,NA
"703","Eucalyptus polita",NA,NA
"704","Eucalyptus polyanthemos subsp. longior",NA,NA
"705","Eucalyptus polyanthemos subsp. polyanthemos","TRUE",NA
"706","Eucalyptus polyanthemos subsp. vestita","TRUE",NA
"707","Eucalyptus polybractea","TRUE",NA
"708","Eucalyptus populnea","TRUE",NA
"709","Eucalyptus porosa","TRUE",NA
"710","Eucalyptus praetermissa",NA,NA
"711","Eucalyptus prava","TRUE",NA
"712","Eucalyptus preissiana subsp. lobata",NA,NA
"713","Eucalyptus preissiana subsp. preissiana",NA,NA
"714","Eucalyptus prolixa",NA,NA
"715","Eucalyptus prominens",NA,NA
"716","Eucalyptus prominula","TRUE",NA
"717","Eucalyptus propinqua","TRUE",NA
"718","Eucalyptus protensa",NA,NA
"719","Eucalyptus provecta",NA,NA
"720","Eucalyptus proxima",NA,NA
"721","Eucalyptus pruiniramis",NA,NA
"722","Eucalyptus pruinosa subsp. pruinosa",NA,NA
"723","Eucalyptus pruinosa subsp. tenuata",NA,NA
"724","Eucalyptus psammitica","TRUE",NA
"725","Eucalyptus pterocarpa",NA,NA
"726","Eucalyptus pulchella",NA,NA
"727","Eucalyptus pulverulenta","TRUE",NA
"728","Eucalyptus pumila","TRUE",NA
"729","Eucalyptus punctata","TRUE",NA
"730","Eucalyptus purpurata",NA,NA
"731","Eucalyptus pyriformis",NA,NA
"732","Eucalyptus pyrocarpa","TRUE",NA
"733","Eucalyptus quadrangulata","TRUE",NA
"734","Eucalyptus quadrans",NA,NA
"735","Eucalyptus quadricostata",NA,NA
"736","Eucalyptus quaerenda",NA,NA
"737","Eucalyptus racemosa subsp. racemosa",NA,"TRUE"
"738","Eucalyptus racemosa subsp. rossii",NA,"TRUE"
"739","Eucalyptus radiata subsp. radiata","TRUE",NA
"740","Eucalyptus radiata subsp. robertsonii",NA,"TRUE"
"741","Eucalyptus radiata subsp. sejuncta","TRUE",NA
"742","Eucalyptus rameliana",NA,NA
"743","Eucalyptus raveretiana",NA,NA
"744","Eucalyptus ravida",NA,NA
"745","Eucalyptus recta",NA,NA
"746","Eucalyptus recurva","TRUE",NA
"747","Eucalyptus redunca",NA,NA
"748","Eucalyptus regnans",NA,NA
"749","Eucalyptus relicta",NA,NA
"750","Eucalyptus remota",NA,NA
"751","Eucalyptus repullulans",NA,NA
"752","Eucalyptus resinifera subsp. hemilampra","TRUE",NA
"753","Eucalyptus resinifera subsp. resinifera","TRUE",NA
"754","Eucalyptus retinens","TRUE",NA
"755","Eucalyptus retusa",NA,NA
"756","Eucalyptus rhodantha",NA,NA
"757","Eucalyptus rhombica",NA,NA
"758","Eucalyptus rhomboidea",NA,NA
"759","Eucalyptus rigens",NA,NA
"760","Eucalyptus rigidula",NA,NA
"761","Eucalyptus risdonii",NA,NA
"762","Eucalyptus robusta","TRUE",NA
"763","Eucalyptus rodwayi",NA,NA
"764","Eucalyptus rosacea",NA,NA
"765","Eucalyptus rowleyi",NA,NA
"766","Eucalyptus roycei",NA,NA
"767","Eucalyptus rubida subsp. barbigerorum","TRUE",NA
"768","Eucalyptus rubida subsp. rubida","TRUE",NA
"769","Eucalyptus rubiginosa",NA,NA
"770","Eucalyptus rudderi","TRUE",NA
"771","Eucalyptus rudis subsp. cratyantha",NA,NA
"772","Eucalyptus rudis subsp. rudis",NA,NA
"773","Eucalyptus rugosa",NA,NA
"774","Eucalyptus rugulata",NA,NA
"775","Eucalyptus rummeryi","TRUE",NA
"776","Eucalyptus rupestris",NA,NA
"777","Eucalyptus salicola",NA,NA
"778","Eucalyptus saligna","TRUE",NA
"779","Eucalyptus salmonophloia",NA,NA
"780","Eucalyptus salubris",NA,NA
"781","Eucalyptus sargentii subsp. onesia",NA,NA
"782","Eucalyptus sargentii subsp. sargentii",NA,NA
"783","Eucalyptus saxatilis","TRUE",NA
"784","Eucalyptus scias subsp. apoda","TRUE",NA
"785","Eucalyptus scias subsp. scias","TRUE",NA
"786","Eucalyptus scoparia","TRUE",NA
"787","Eucalyptus scopulorum",NA,NA
"788","Eucalyptus seeana","TRUE",NA
"789","Eucalyptus selachiana",NA,NA
"790","Eucalyptus semiglobosa",NA,NA
"791","Eucalyptus semota",NA,NA
"792","Eucalyptus sepulcralis",NA,NA
"793","Eucalyptus serraensis",NA,NA
"794","Eucalyptus sessilis",NA,NA
"795","Eucalyptus sheathiana",NA,NA
"796","Eucalyptus shirleyi",NA,NA
"797","Eucalyptus sicilifolia",NA,NA
"798","Eucalyptus siderophloia","TRUE",NA
"799","Eucalyptus sideroxylon","TRUE",NA
"800","Eucalyptus sieberi","TRUE",NA
"801","Eucalyptus similis",NA,NA
"802","Eucalyptus singularis",NA,NA
"803","Eucalyptus sinuosa",NA,NA
"804","Eucalyptus smithii","TRUE",NA
"805","Eucalyptus socialis subsp. socialis",NA,NA
"806","Eucalyptus socialis subsp. victoriensis",NA,NA
"807","Eucalyptus socialis subsp. viridans",NA,NA
"808","Eucalyptus sp. Cockburn",NA,NA
"809","Eucalyptus sp. Dorsiventralis",NA,NA
"810","Eucalyptus sp. Kalbarri",NA,NA
"811","Eucalyptus sp. Southern Wheatbelt",NA,NA
"812","Eucalyptus sp. Undulans",NA,NA
"813","Eucalyptus sparsa",NA,NA
"814","Eucalyptus sparsifolia","TRUE",NA
"815","Eucalyptus spathulata subsp. salina",NA,NA
"816","Eucalyptus spathulata subsp. spathulata",NA,NA
"817","Eucalyptus sphaerocarpa",NA,NA
"818","Eucalyptus splendens subsp. arcana",NA,NA
"819","Eucalyptus splendens subsp. splendens",NA,NA
"820","Eucalyptus sporadica",NA,NA
"821","Eucalyptus spreta",NA,NA
"822","Eucalyptus squamosa","TRUE",NA
"823","Eucalyptus staeri",NA,NA
"824","Eucalyptus staigeriana",NA,NA
"825","Eucalyptus steedmanii",NA,NA
"826","Eucalyptus stellulata","TRUE",NA
"827","Eucalyptus stenostoma","TRUE",NA
"828","Eucalyptus stoatei",NA,NA
"829","Eucalyptus stowardii",NA,NA
"830","Eucalyptus striaticalyx",NA,NA
"831","Eucalyptus stricklandii",NA,NA
"832","Eucalyptus stricta","TRUE",NA
"833","Eucalyptus strzeleckii",NA,NA
"834","Eucalyptus sturgissiana","TRUE",NA
"835","Eucalyptus subangusta subsp. cerina",NA,NA
"836","Eucalyptus subangusta subsp. pusilla",NA,NA
"837","Eucalyptus subangusta subsp. subangusta",NA,NA
"838","Eucalyptus subangusta subsp. virescens",NA,NA
"839","Eucalyptus subcrenulata",NA,NA
"840","Eucalyptus suberea",NA,NA
"841","Eucalyptus subtilis",NA,NA
"842","Eucalyptus suffulgens",NA,NA
"843","Eucalyptus suggrandis subsp. promiscua",NA,NA
"844","Eucalyptus suggrandis subsp. suggrandis",NA,NA
"845","Eucalyptus surgens",NA,NA
"846","Eucalyptus sweedmaniana",NA,NA
"847","Eucalyptus synandra",NA,NA
"848","Eucalyptus talyuberlup",NA,NA
"849","Eucalyptus taurina",NA,NA
"850","Eucalyptus tectifica",NA,NA
"851","Eucalyptus tenella","TRUE",NA
"852","Eucalyptus tenera",NA,NA
"853","Eucalyptus tenuipes",NA,NA
"854","Eucalyptus tenuiramis",NA,NA
"855","Eucalyptus tenuis",NA,NA
"856","Eucalyptus tephroclada",NA,NA
"857","Eucalyptus tephrodes",NA,NA
"858","Eucalyptus terebra",NA,NA
"859","Eucalyptus tereticornis subsp. basaltica",NA,NA
"860","Eucalyptus tereticornis subsp. mediana",NA,NA
"861","Eucalyptus tereticornis subsp. rotunda",NA,NA
"862","Eucalyptus tereticornis subsp. tereticornis","TRUE",NA
"863","Eucalyptus terrica",NA,NA
"864","Eucalyptus tetrapleura","TRUE",NA
"865","Eucalyptus tetraptera",NA,NA
"866","Eucalyptus tetrodonta",NA,NA
"867","Eucalyptus thamnoides subsp. megista",NA,NA
"868","Eucalyptus thamnoides subsp. thamnoides",NA,NA
"869","Eucalyptus tholiformis",NA,NA
"870","Eucalyptus thozetiana",NA,NA
"871","Eucalyptus tindaliae","TRUE",NA
"872","Eucalyptus tintinnans",NA,NA
"873","Eucalyptus todtiana",NA,NA
"874","Eucalyptus torquata",NA,NA
"875","Eucalyptus tortilis",NA,NA
"876","Eucalyptus transcontinentalis",NA,NA
"877","Eucalyptus tricarpa","TRUE",NA
"878","Eucalyptus triflora","TRUE",NA
"879","Eucalyptus trivalvis",NA,NA
"880","Eucalyptus tumida",NA,NA
"881","Eucalyptus ultima",NA,NA
"882","Eucalyptus umbra","TRUE",NA
"883","Eucalyptus umbrawarrensis",NA,NA
"884","Eucalyptus uncinata",NA,NA
"885","Eucalyptus urna",NA,NA
"886","Eucalyptus urnigera",NA,NA
"887","Eucalyptus utilis",NA,NA
"888","Eucalyptus valens",NA,NA
"889","Eucalyptus varia subsp. salsuginosa",NA,NA
"890","Eucalyptus varia subsp. varia",NA,NA
"891","Eucalyptus vegrandis subsp. recondita",NA,NA
"892","Eucalyptus vegrandis subsp. vegrandis",NA,NA
"893","Eucalyptus vernicosa",NA,NA
"894","Eucalyptus verrucata",NA,NA
"895","Eucalyptus vesiculosa",NA,NA
"896","Eucalyptus vicina","TRUE",NA
"897","Eucalyptus victoriana",NA,NA
"898","Eucalyptus victrix",NA,NA
"899","Eucalyptus viminalis subsp. cygnetensis",NA,NA
"900","Eucalyptus viminalis subsp. hentyensis",NA,NA
"901","Eucalyptus viminalis subsp. pryoriana",NA,NA
"902","Eucalyptus viminalis subsp. viminalis",NA,"TRUE"
"903","Eucalyptus virens",NA,NA
"904","Eucalyptus virginea",NA,NA
"905","Eucalyptus viridis","TRUE",NA
"906","Eucalyptus vittata",NA,NA
"907","Eucalyptus vokesensis",NA,NA
"908","Eucalyptus volcanica","TRUE",NA
"909","Eucalyptus wandoo subsp. pulverea",NA,NA
"910","Eucalyptus wandoo subsp. wandoo",NA,NA
"911","Eucalyptus websteriana",NA,NA
"912","Eucalyptus whitei",NA,NA
"913","Eucalyptus wilcoxii","TRUE",NA
"914","Eucalyptus williamsiana","TRUE",NA
"915","Eucalyptus willisii subsp. falciformis",NA,NA
"916","Eucalyptus willisii subsp. willisii",NA,NA
"917","Eucalyptus woodwardii",NA,NA
"918","Eucalyptus woollsiana",NA,NA
"919","Eucalyptus wubinensis",NA,NA
"920","Eucalyptus wyolensis",NA,NA
"921","Eucalyptus x balanites",NA,NA
"922","Eucalyptus x balanopelex",NA,NA
"923","Eucalyptus x missilis",NA,NA
"924","Eucalyptus x phylacis",NA,NA
"925","Eucalyptus xanthonema subsp. apposita",NA,NA
"926","Eucalyptus xanthonema subsp. xanthonema",NA,NA
"927","Eucalyptus xerothermica",NA,NA
"928","Eucalyptus yalatensis",NA,NA
"929","Eucalyptus yarraensis",NA,NA
"930","Eucalyptus yilgarnensis",NA,NA
"931","Eucalyptus youmanii","TRUE",NA
"932","Eucalyptus youngiana",NA,NA
"933","Eucalyptus yumbarrana",NA,NA
"934","Eucalyptus zopherophloia",NA,NA
